<?xml version="1.0" encoding="utf-16"?>
<ArrayOfClassificationGroup xmlns:xsd="http://www.w3.org/2001/XMLSchema" xmlns:xsi="http://www.w3.org/2001/XMLSchema-instance">
  <ClassificationGroup>
    <Identity>
      <Id>B1A990809DF941868A9D46D8C750BCFC</Id>
      <AutomaticallyPopulate>true</AutomaticallyPopulate>
      <Version>11</Version>
      <Name>SFDC Case Form Classification Group</Name>
    </Identity>
    <Name>SFDC Case Form Classification Group</Name>
    <Description />
    <Status>Released</Status>
    <IsShared>false</IsShared>
    <Category>
      <Id>DD0790857A6F4168A846C164E185B462</Id>
      <AutomaticallyPopulate>true</AutomaticallyPopulate>
      <Name>Salesforce Connector</Name>
    </Category>
    <DocumentGroups>
      <DocumentGroupIdentity>
        <Id>CF8C44F7EBD537322E859F897B5A731D</Id>
        <AutomaticallyPopulate>true</AutomaticallyPopulate>
        <Version>7</Version>
        <Name>My Case Form</Name>
      </DocumentGroupIdentity>
    </DocumentGroups>
    <LastModifiedDate>2021-11-04T15:33:00.123</LastModifiedDate>
    <LastModifiedUser>
      <Id>4EFFC98F46854ABFA36177A564100FD0</Id>
      <AutomaticallyPopulate>true</AutomaticallyPopulate>
      <ResourceType>Worker</ResourceType>
      <EmailAddress />
      <UserId />
      <ManagerialLevel>0</ManagerialLevel>
    </LastModifiedUser>
    <LockedBy>
      <Id>4EFFC98F46854ABFA36177A564100FD0</Id>
      <AutomaticallyPopulate>true</AutomaticallyPopulate>
      <Name>Adam Sawyers</Name>
      <ResourceType>Worker</ResourceType>
      <EmailAddress />
      <UserId />
      <ManagerialLevel>0</ManagerialLevel>
    </LockedBy>
    <LockedByModule>TotalAgilityDesigner</LockedByModule>
    <ClassificationOnlineLearningEnabled>false</ClassificationOnlineLearningEnabled>
    <ClassificationMaxDocCount>2000</ClassificationMaxDocCount>
    <ResourceAccessTokens>
      <ResourceAccess>
        <ResourceIdentity>
          <Id>7DF43CCDF24611D2804B00104B71BD15</Id>
          <AutomaticallyPopulate>true</AutomaticallyPopulate>
          <Name>Everyone</Name>
          <ResourceType>GroupOfWorkers</ResourceType>
          <EmailAddress />
          <UserId />
          <ManagerialLevel>0</ManagerialLevel>
        </ResourceIdentity>
        <AccessType>MaintenanceAccess</AccessType>
        <PermissionType>FullControl</PermissionType>
      </ResourceAccess>
    </ResourceAccessTokens>
    <ResourcePermissionType>NoAccess</ResourcePermissionType>
  </ClassificationGroup>
  <ClassificationGroup>
    <Identity>
      <Id>F90A1A6D709040E9BC02C15D93EE59F9</Id>
      <AutomaticallyPopulate>true</AutomaticallyPopulate>
      <Version>32</Version>
      <Name>Capture Starter Pack</Name>
    </Identity>
    <Name>Capture Starter Pack</Name>
    <Description />
    <Status>Released</Status>
    <IsShared>false</IsShared>
    <Category>
      <Id>CF4E7FA832494FDAB308A3CDBC3D9C74</Id>
      <AutomaticallyPopulate>true</AutomaticallyPopulate>
      <Name>Capture Starter Pack</Name>
    </Category>
    <DocumentGroups>
      <DocumentGroupIdentity>
        <Id>3CC8EEE043EE437DA29839C6D9761C20</Id>
        <AutomaticallyPopulate>true</AutomaticallyPopulate>
        <Version>35</Version>
        <Name>Capture Starter Pack</Name>
      </DocumentGroupIdentity>
    </DocumentGroups>
    <LastModifiedDate>2021-05-18T09:52:37</LastModifiedDate>
    <LastModifiedUser>
      <Id>02A6D0944F124B66831034BFA9008B83</Id>
      <AutomaticallyPopulate>true</AutomaticallyPopulate>
      <ResourceType>Worker</ResourceType>
      <EmailAddress />
      <UserId />
      <ManagerialLevel>0</ManagerialLevel>
    </LastModifiedUser>
    <LockedByModule>None</LockedByModule>
    <ClassificationOnlineLearningEnabled>false</ClassificationOnlineLearningEnabled>
    <ClassificationMaxDocCount>2000</ClassificationMaxDocCount>
    <ResourceAccessTokens>
      <ResourceAccess>
        <ResourceIdentity>
          <Id>7DF43CCDF24611D2804B00104B71BD15</Id>
          <AutomaticallyPopulate>true</AutomaticallyPopulate>
          <Name>Everyone</Name>
          <ResourceType>GroupOfWorkers</ResourceType>
          <EmailAddress />
          <UserId />
          <ManagerialLevel>0</ManagerialLevel>
        </ResourceIdentity>
        <AccessType>MaintenanceAccess</AccessType>
        <PermissionType>FullControl</PermissionType>
      </ResourceAccess>
    </ResourceAccessTokens>
    <ResourcePermissionType>NoAccess</ResourcePermissionType>
  </ClassificationGroup>
</ArrayOfClassificationGroup>