<?xml version="1.0" encoding="utf-16"?>
<ArrayOfClassificationGroup xmlns:xsd="http://www.w3.org/2001/XMLSchema" xmlns:xsi="http://www.w3.org/2001/XMLSchema-instance">
  <ClassificationGroup>
    <Identity>
      <Id>420A4B9A30458B3372BBB257A5E6F3AD</Id>
      <AutomaticallyPopulate>true</AutomaticallyPopulate>
      <Version>3</Version>
      <Name>SFDC_CaseForms_CG</Name>
    </Identity>
    <Name>SFDC_CaseForms_CG</Name>
    <Description />
    <Status>Released</Status>
    <IsShared>false</IsShared>
    <Category>
      <Id>81539FC24F03442484E2F57B7301FF09</Id>
      <AutomaticallyPopulate>true</AutomaticallyPopulate>
      <Name>Salesforce Connector V2</Name>
    </Category>
    <DocumentGroups>
      <DocumentGroupIdentity>
        <Id>3A370A7545DEAE53A2EF7DABA6C1DDA9</Id>
        <AutomaticallyPopulate>true</AutomaticallyPopulate>
        <Version>3</Version>
        <Name>SFDC_CaseForms_EG</Name>
      </DocumentGroupIdentity>
    </DocumentGroups>
    <LastModifiedDate>2023-04-18T20:13:04.26</LastModifiedDate>
    <LastModifiedUser>
      <Id>26E770722735487EA4C6AA47DCC53FE3</Id>
      <AutomaticallyPopulate>true</AutomaticallyPopulate>
      <ResourceType>Worker</ResourceType>
      <EmailAddress />
      <UserId />
      <ManagerialLevel>0</ManagerialLevel>
    </LastModifiedUser>
    <LockedByModule>None</LockedByModule>
    <ClassificationOnlineLearningEnabled>false</ClassificationOnlineLearningEnabled>
    <ClassificationMaxDocCount>2000</ClassificationMaxDocCount>
    <ResourceAccessTokens>
      <ResourceAccess>
        <ResourceIdentity>
          <Id>7DF43CCDF24611D2804B00104B71BD15</Id>
          <AutomaticallyPopulate>true</AutomaticallyPopulate>
          <Name>Everyone</Name>
          <ResourceType>GroupOfWorkers</ResourceType>
          <EmailAddress />
          <UserId />
          <ManagerialLevel>0</ManagerialLevel>
        </ResourceIdentity>
        <AccessType>MaintenanceAccess</AccessType>
        <PermissionType>FullControl</PermissionType>
      </ResourceAccess>
    </ResourceAccessTokens>
    <ResourcePermissionType>NoAccess</ResourcePermissionType>
  </ClassificationGroup>
  <ClassificationGroup>
    <Identity>
      <Id>F90A1A6D709040E9BC02C15D93EE59F9</Id>
      <AutomaticallyPopulate>true</AutomaticallyPopulate>
      <Version>32</Version>
      <Name>Capture Starter Pack</Name>
    </Identity>
    <Name>Capture Starter Pack</Name>
    <Description />
    <Status>Released</Status>
    <IsShared>false</IsShared>
    <Category>
      <Id>201F370CA5164F76ADDD8EEEFF666AF7</Id>
      <AutomaticallyPopulate>true</AutomaticallyPopulate>
      <Name>Default Category</Name>
    </Category>
    <DocumentGroups>
      <DocumentGroupIdentity>
        <Id>3CC8EEE043EE437DA29839C6D9761C20</Id>
        <AutomaticallyPopulate>true</AutomaticallyPopulate>
        <Version>35</Version>
        <Name>Capture Starter Pack</Name>
      </DocumentGroupIdentity>
    </DocumentGroups>
    <LastModifiedDate>2021-05-18T09:52:37</LastModifiedDate>
    <LastModifiedUser>
      <Id>02A6D0944F124B66831034BFA9008B83</Id>
      <AutomaticallyPopulate>true</AutomaticallyPopulate>
      <ResourceType>Worker</ResourceType>
      <EmailAddress />
      <UserId />
      <ManagerialLevel>0</ManagerialLevel>
    </LastModifiedUser>
    <LockedByModule>None</LockedByModule>
    <ClassificationOnlineLearningEnabled>false</ClassificationOnlineLearningEnabled>
    <ClassificationMaxDocCount>2000</ClassificationMaxDocCount>
    <ResourceAccessTokens>
      <ResourceAccess>
        <ResourceIdentity>
          <Id>7DF43CCDF24611D2804B00104B71BD15</Id>
          <AutomaticallyPopulate>true</AutomaticallyPopulate>
          <Name>Everyone</Name>
          <ResourceType>GroupOfWorkers</ResourceType>
          <EmailAddress />
          <UserId />
          <ManagerialLevel>0</ManagerialLevel>
        </ResourceIdentity>
        <AccessType>MaintenanceAccess</AccessType>
        <PermissionType>FullControl</PermissionType>
      </ResourceAccess>
    </ResourceAccessTokens>
    <ResourcePermissionType>NoAccess</ResourcePermissionType>
  </ClassificationGroup>
</ArrayOfClassificationGroup>