<?xml version="1.0" encoding="utf-16"?>
<ArrayOfProjectIdentity xmlns:xsd="http://www.w3.org/2001/XMLSchema" xmlns:xsi="http://www.w3.org/2001/XMLSchema-instance">
  <ProjectIdentity>
    <Id>420A4B9A30458B3372BBB257A5E6F3AD</Id>
    <Version>3</Version>
    <Name>SFDC_CaseForms_CG</Name>
  </ProjectIdentity>
  <ProjectIdentity>
    <Id>3A370A7545DEAE53A2EF7DABA6C1DDA9</Id>
    <Version>3</Version>
    <Name>SFDC_CaseForms_EG</Name>
  </ProjectIdentity>
  <ProjectIdentity>
    <Id>CF8C44F7EBD537322E859F897B5A731D</Id>
    <Version>14</Version>
    <Name>Case Forms</Name>
  </ProjectIdentity>
  <ProjectIdentity>
    <Id>F90A1A6D709040E9BC02C15D93EE59F9</Id>
    <Version>32</Version>
    <Name>Capture Starter Pack</Name>
  </ProjectIdentity>
  <ProjectIdentity>
    <Id>3CC8EEE043EE437DA29839C6D9761C20</Id>
    <Version>35</Version>
    <Name>Capture Starter Pack</Name>
  </ProjectIdentity>
</ArrayOfProjectIdentity>