<?xml version="1.0" encoding="utf-16"?>
<ArrayOfProjectIdentity xmlns:xsd="http://www.w3.org/2001/XMLSchema" xmlns:xsi="http://www.w3.org/2001/XMLSchema-instance">
  <ProjectIdentity>
    <Id>B1A990809DF941868A9D46D8C750BCFC</Id>
    <Version>11</Version>
    <Name>SFDC Case Form Classification Group</Name>
  </ProjectIdentity>
  <ProjectIdentity>
    <Id>CF8C44F7EBD537322E859F897B5A731D</Id>
    <Version>7</Version>
    <Name>My Case Form</Name>
  </ProjectIdentity>
  <ProjectIdentity>
    <Id>F90A1A6D709040E9BC02C15D93EE59F9</Id>
    <Version>32</Version>
    <Name>Capture Starter Pack</Name>
  </ProjectIdentity>
  <ProjectIdentity>
    <Id>3CC8EEE043EE437DA29839C6D9761C20</Id>
    <Version>35</Version>
    <Name>Capture Starter Pack</Name>
  </ProjectIdentity>
</ArrayOfProjectIdentity>