<?xml version="1.0" encoding="utf-16"?>
<ArrayOfCustomService xmlns:xsd="http://www.w3.org/2001/XMLSchema" xmlns:xsi="http://www.w3.org/2001/XMLSchema-instance">
  <CustomService>
    <Identity>
      <Id>8C42F2E64D6D4518BD71CA6DA522CA6E</Id>
      <Name>Case Salesforce Service</Name>
      <Version>5</Version>
      <Group>
        <Id>6D6EB0174DD24EBC898D0278045A96E1</Id>
        <Name>Salesforce Connector Service Group</Name>
      </Group>
    </Identity>
    <Category>
      <Id>DD0790857A6F4168A846C164E185B462</Id>
      <AutomaticallyPopulate>true</AutomaticallyPopulate>
      <Name />
    </Category>
    <Data>
      <Owner />
      <Inputs>
        <ParameterDetails>
          <name>ACCOUNTNAME</name>
          <type>8</type>
          <description>accountName</description>
          <errorCodeMappingType>Static</errorCodeMappingType>
        </ParameterDetails>
        <ParameterDetails>
          <name>CONTACTNAME</name>
          <type>8</type>
          <description>contactName</description>
          <errorCodeMappingType>Static</errorCodeMappingType>
        </ParameterDetails>
        <ParameterDetails>
          <name>PRIORITY</name>
          <type>8</type>
          <description>priority</description>
          <errorCodeMappingType>Static</errorCodeMappingType>
        </ParameterDetails>
        <ParameterDetails>
          <name>SUBJECT</name>
          <type>8</type>
          <description>subject</description>
          <errorCodeMappingType>Static</errorCodeMappingType>
        </ParameterDetails>
        <ParameterDetails>
          <name>DESCRIPTION</name>
          <type>8</type>
          <description>description</description>
          <errorCodeMappingType>Static</errorCodeMappingType>
        </ParameterDetails>
        <ParameterDetails>
          <name>SUPPLIEDNAME</name>
          <type>8</type>
          <description>suppliedName</description>
          <errorCodeMappingType>Static</errorCodeMappingType>
        </ParameterDetails>
        <ParameterDetails>
          <name>SUPPLIEDEMAIL</name>
          <type>8</type>
          <description>suppliedEmail</description>
          <errorCodeMappingType>Static</errorCodeMappingType>
        </ParameterDetails>
        <ParameterDetails>
          <name>SUPPLIEDCOMPANY</name>
          <type>8</type>
          <description>suppliedCompany</description>
          <errorCodeMappingType>Static</errorCodeMappingType>
        </ParameterDetails>
        <ParameterDetails>
          <name>SUPPLIEDPHONE</name>
          <type>8</type>
          <description>suppliedPhone</description>
          <errorCodeMappingType>Static</errorCodeMappingType>
        </ParameterDetails>
        <ParameterDetails>
          <name>DOCUMENTID</name>
          <type>8</type>
          <description>documentId</description>
          <errorCodeMappingType>Static</errorCodeMappingType>
        </ParameterDetails>
        <ParameterDetails>
          <name>DOCUMENTFILETYPE</name>
          <type>8</type>
          <description>documentFileType</description>
          <errorCodeMappingType>Static</errorCodeMappingType>
        </ParameterDetails>
        <ParameterDetails>
          <name>DOCUMENTNAME</name>
          <type>8</type>
          <description>documentName</description>
          <errorCodeMappingType>Static</errorCodeMappingType>
        </ParameterDetails>
      </Inputs>
      <Outputs />
    </Data>
    <LastModifiedDate>2022-11-30T17:54:32.68</LastModifiedDate>
    <LastModifiedBy>
      <Id>4EFFC98F46854ABFA36177A564100FD0</Id>
      <AutomaticallyPopulate>true</AutomaticallyPopulate>
      <ResourceType>Worker</ResourceType>
      <EmailAddress />
      <UserId />
      <ManagerialLevel>0</ManagerialLevel>
    </LastModifiedBy>
  </CustomService>
  <CustomService>
    <Identity>
      <Id>BD64389BABF64BBBB01A1E4C249097BE</Id>
      <Name>KTA Document to Base64 String</Name>
      <Version>10</Version>
      <Group>
        <Id>D9503B69A29248869A26876428E97745</Id>
        <Name>Azure Storage</Name>
      </Group>
    </Identity>
    <Category>
      <Id>037B145DB7264421B23865043C0F1093</Id>
      <AutomaticallyPopulate>true</AutomaticallyPopulate>
      <Name />
    </Category>
    <Data>
      <Owner />
      <Inputs>
        <ParameterDetails>
          <name>SESSIONID</name>
          <type>8</type>
          <description>sessionID</description>
          <errorCodeMappingType>Static</errorCodeMappingType>
        </ParameterDetails>
        <ParameterDetails>
          <name>KTASDKURL</name>
          <type>8</type>
          <description>KTA SDK Url</description>
          <errorCodeMappingType>Static</errorCodeMappingType>
        </ParameterDetails>
        <ParameterDetails>
          <name>FILEEXTENSION</name>
          <type>8</type>
          <description>FileExtension</description>
          <errorCodeMappingType>Static</errorCodeMappingType>
        </ParameterDetails>
        <ParameterDetails>
          <name>DOCUMENTID</name>
          <type>8</type>
          <description>DocumentID</description>
          <errorCodeMappingType>Static</errorCodeMappingType>
        </ParameterDetails>
      </Inputs>
      <Outputs>
        <ParameterDetails>
          <name>BASE64STRING</name>
          <type>8</type>
          <description>Base64String</description>
          <errorCodeMappingType>Static</errorCodeMappingType>
        </ParameterDetails>
        <ParameterDetails>
          <name>STATUS</name>
          <type>8</type>
          <description>status</description>
          <errorCodeMappingType>Static</errorCodeMappingType>
        </ParameterDetails>
        <ParameterDetails>
          <name>CONTENT_LENGTH</name>
          <type>8</type>
          <description>content_length</description>
          <errorCodeMappingType>Static</errorCodeMappingType>
        </ParameterDetails>
        <ParameterDetails>
          <name>CONTENT_LENGTH_BYTES</name>
          <type>8</type>
          <description>content_length_bytes</description>
          <errorCodeMappingType>Static</errorCodeMappingType>
        </ParameterDetails>
      </Outputs>
    </Data>
    <LastModifiedDate>2022-11-23T08:59:30.693</LastModifiedDate>
    <LastModifiedBy>
      <Id>141A6188A6D8410DB106E9F281D15A64</Id>
      <AutomaticallyPopulate>true</AutomaticallyPopulate>
      <ResourceType>Worker</ResourceType>
      <EmailAddress />
      <UserId />
      <ManagerialLevel>0</ManagerialLevel>
    </LastModifiedBy>
  </CustomService>
  <CustomService>
    <Identity>
      <Id>C052738019F231A67A469E42420B57F3</Id>
      <Name>SalesForce Contacts Search</Name>
      <Version>6</Version>
      <Group>
        <Id>6D6EB0174DD24EBC898D0278045A96E1</Id>
        <Name>Salesforce Connector Service Group</Name>
      </Group>
    </Identity>
    <Category>
      <Id>DD0790857A6F4168A846C164E185B462</Id>
      <AutomaticallyPopulate>true</AutomaticallyPopulate>
      <Name />
    </Category>
    <Data>
      <Owner />
      <Inputs>
        <ParameterDetails>
          <name>SEARCHFOR</name>
          <type>8</type>
          <description>Search For</description>
          <errorCodeMappingType>Static</errorCodeMappingType>
        </ParameterDetails>
        <ParameterDetails>
          <name>SEARCHVALUE</name>
          <type>8</type>
          <description>Search Value</description>
          <errorCodeMappingType>Static</errorCodeMappingType>
        </ParameterDetails>
      </Inputs>
      <Outputs>
        <ParameterDetails>
          <name>NAME</name>
          <type>8</type>
          <description>Name</description>
          <errorCodeMappingType>Static</errorCodeMappingType>
        </ParameterDetails>
        <ParameterDetails>
          <name>PHONE</name>
          <type>8</type>
          <description>Phone</description>
          <errorCodeMappingType>Static</errorCodeMappingType>
        </ParameterDetails>
        <ParameterDetails>
          <name>TITLE</name>
          <type>8</type>
          <description>Title</description>
          <errorCodeMappingType>Static</errorCodeMappingType>
        </ParameterDetails>
        <ParameterDetails>
          <name>ID</name>
          <type>8</type>
          <description>Id</description>
          <errorCodeMappingType>Static</errorCodeMappingType>
        </ParameterDetails>
        <ParameterDetails>
          <name>EMAIL</name>
          <type>8</type>
          <description>Email</description>
          <errorCodeMappingType>Static</errorCodeMappingType>
        </ParameterDetails>
        <ParameterDetails>
          <name>TOTALSIZE</name>
          <type>2</type>
          <description>totalSize</description>
          <errorCodeMappingType>Static</errorCodeMappingType>
        </ParameterDetails>
      </Outputs>
    </Data>
    <LastModifiedDate>2022-01-28T10:13:40.883</LastModifiedDate>
    <LastModifiedBy>
      <Id>66D205A297C648689F4F308BB92B0C15</Id>
      <AutomaticallyPopulate>true</AutomaticallyPopulate>
      <ResourceType>Worker</ResourceType>
      <EmailAddress />
      <UserId />
      <ManagerialLevel>0</ManagerialLevel>
    </LastModifiedBy>
  </CustomService>
  <CustomService>
    <Identity>
      <Id>F3A985D9BE451F49B0C2E28CBD42988B</Id>
      <Name>OLD Salesforce Add Order Custom Service</Name>
      <Version>4</Version>
      <Group>
        <Id>6D6EB0174DD24EBC898D0278045A96E1</Id>
        <Name>Salesforce Connector Service Group</Name>
      </Group>
    </Identity>
    <Category>
      <Id>DD0790857A6F4168A846C164E185B462</Id>
      <AutomaticallyPopulate>true</AutomaticallyPopulate>
      <Name />
    </Category>
    <Data>
      <Owner />
      <Inputs>
        <ParameterDetails>
          <name>ACCOUNTNAME</name>
          <type>8</type>
          <description>accountName</description>
          <errorCodeMappingType>Static</errorCodeMappingType>
        </ParameterDetails>
        <ParameterDetails>
          <name>UNITPRICE</name>
          <type>8</type>
          <description>unitPrice</description>
          <errorCodeMappingType>Static</errorCodeMappingType>
        </ParameterDetails>
        <ParameterDetails>
          <name>QUANTITY</name>
          <type>8</type>
          <description>quantity</description>
          <errorCodeMappingType>Static</errorCodeMappingType>
        </ParameterDetails>
        <ParameterDetails>
          <name>EFFECTIVEDATE</name>
          <type>7</type>
          <description>effectiveDate</description>
          <errorCodeMappingType>Static</errorCodeMappingType>
        </ParameterDetails>
        <ParameterDetails>
          <name>BILLINGCITY</name>
          <type>8</type>
          <description>billingCity</description>
          <errorCodeMappingType>Static</errorCodeMappingType>
        </ParameterDetails>
        <ParameterDetails>
          <name>DOCUMENTID</name>
          <type>8</type>
          <description>documentId</description>
          <errorCodeMappingType>Static</errorCodeMappingType>
        </ParameterDetails>
        <ParameterDetails>
          <name>DOCUMENTFILETYPE</name>
          <type>8</type>
          <description>documentFileType</description>
          <errorCodeMappingType>Static</errorCodeMappingType>
        </ParameterDetails>
        <ParameterDetails>
          <name>DOCUMENTNAME</name>
          <type>8</type>
          <description>documentName</description>
          <errorCodeMappingType>Static</errorCodeMappingType>
        </ParameterDetails>
        <ParameterDetails>
          <name>PRICEBOOKENTRYNAME</name>
          <type>8</type>
          <description>pricebookEntryName</description>
          <errorCodeMappingType>Static</errorCodeMappingType>
        </ParameterDetails>
      </Inputs>
      <Outputs />
    </Data>
    <LastModifiedDate>2022-11-24T06:00:25.323</LastModifiedDate>
    <LastModifiedBy>
      <Id>66D205A297C648689F4F308BB92B0C15</Id>
      <AutomaticallyPopulate>true</AutomaticallyPopulate>
      <ResourceType>Worker</ResourceType>
      <EmailAddress />
      <UserId />
      <ManagerialLevel>0</ManagerialLevel>
    </LastModifiedBy>
  </CustomService>
</ArrayOfCustomService>