<?xml version="1.0" encoding="utf-16"?>
<ArrayOfCustomService xmlns:xsd="http://www.w3.org/2001/XMLSchema" xmlns:xsi="http://www.w3.org/2001/XMLSchema-instance">
  <CustomService>
    <Identity>
      <Id>8C42F2E64D6D4518BD71CA6DA522CA6E</Id>
      <Name>Case Salesforce Service</Name>
      <Version>7</Version>
      <Group>
        <Id>6D6EB0174DD24EBC898D0278045A96E1</Id>
        <Name>Salesforce Connector Service Group</Name>
      </Group>
    </Identity>
    <Category>
      <Id>DE3801ADE8F441CAAF0A43834D5FC814</Id>
      <AutomaticallyPopulate>true</AutomaticallyPopulate>
      <Name />
    </Category>
    <Data>
      <Owner />
      <Inputs>
        <ParameterDetails>
          <name>ACCOUNTNAME</name>
          <type>8</type>
          <description>accountName</description>
          <errorCodeMappingType>Static</errorCodeMappingType>
        </ParameterDetails>
        <ParameterDetails>
          <name>CONTACTNAME</name>
          <type>8</type>
          <description>contactName</description>
          <errorCodeMappingType>Static</errorCodeMappingType>
        </ParameterDetails>
        <ParameterDetails>
          <name>PRIORITY</name>
          <type>8</type>
          <description>priority</description>
          <errorCodeMappingType>Static</errorCodeMappingType>
        </ParameterDetails>
        <ParameterDetails>
          <name>SUBJECT</name>
          <type>8</type>
          <description>subject</description>
          <errorCodeMappingType>Static</errorCodeMappingType>
        </ParameterDetails>
        <ParameterDetails>
          <name>DESCRIPTION</name>
          <type>8</type>
          <description>description</description>
          <errorCodeMappingType>Static</errorCodeMappingType>
        </ParameterDetails>
        <ParameterDetails>
          <name>SUPPLIEDNAME</name>
          <type>8</type>
          <description>suppliedName</description>
          <errorCodeMappingType>Static</errorCodeMappingType>
        </ParameterDetails>
        <ParameterDetails>
          <name>SUPPLIEDEMAIL</name>
          <type>8</type>
          <description>suppliedEmail</description>
          <errorCodeMappingType>Static</errorCodeMappingType>
        </ParameterDetails>
        <ParameterDetails>
          <name>SUPPLIEDCOMPANY</name>
          <type>8</type>
          <description>suppliedCompany</description>
          <errorCodeMappingType>Static</errorCodeMappingType>
        </ParameterDetails>
        <ParameterDetails>
          <name>SUPPLIEDPHONE</name>
          <type>8</type>
          <description>suppliedPhone</description>
          <errorCodeMappingType>Static</errorCodeMappingType>
        </ParameterDetails>
        <ParameterDetails>
          <name>DOCUMENTID</name>
          <type>8</type>
          <description>documentId</description>
          <errorCodeMappingType>Static</errorCodeMappingType>
        </ParameterDetails>
        <ParameterDetails>
          <name>DOCUMENTFILETYPE</name>
          <type>8</type>
          <description>documentFileType</description>
          <errorCodeMappingType>Static</errorCodeMappingType>
        </ParameterDetails>
        <ParameterDetails>
          <name>DOCUMENTNAME</name>
          <type>8</type>
          <description>documentName</description>
          <errorCodeMappingType>Static</errorCodeMappingType>
        </ParameterDetails>
      </Inputs>
      <Outputs>
        <ParameterDetails>
          <name>ADDCASERESULT</name>
          <type>32748</type>
          <description>addCaseResult</description>
          <errorCodeMappingType>Static</errorCodeMappingType>
        </ParameterDetails>
        <ParameterDetails>
          <name>ATTACHFILERESULT</name>
          <type>32748</type>
          <description>attachFileResult</description>
          <errorCodeMappingType>Static</errorCodeMappingType>
        </ParameterDetails>
      </Outputs>
    </Data>
    <LastModifiedDate>2023-04-11T23:32:48.757</LastModifiedDate>
    <LastModifiedBy>
      <Id>1449EC114C3BC751B5F5D73608203364</Id>
      <AutomaticallyPopulate>true</AutomaticallyPopulate>
      <ResourceType>Worker</ResourceType>
      <EmailAddress />
      <UserId />
      <ManagerialLevel>0</ManagerialLevel>
    </LastModifiedBy>
  </CustomService>
  <CustomService>
    <Identity>
      <Id>BD64389BABF64BBBB01A1E4C249097BE</Id>
      <Name>KTA Document to Base64 String</Name>
      <Version>11</Version>
      <Group>
        <Id>D9503B69A29248869A26876428E97745</Id>
        <Name>Azure Storage</Name>
      </Group>
    </Identity>
    <Category>
      <Id>201F370CA5164F76ADDD8EEEFF666AF7</Id>
      <AutomaticallyPopulate>true</AutomaticallyPopulate>
      <Name />
    </Category>
    <Data>
      <Owner />
      <Inputs>
        <ParameterDetails>
          <name>SESSIONID</name>
          <type>8</type>
          <description>sessionID</description>
          <errorCodeMappingType>Static</errorCodeMappingType>
        </ParameterDetails>
        <ParameterDetails>
          <name>KTASDKURL</name>
          <type>8</type>
          <description>KTA SDK Url</description>
          <errorCodeMappingType>Static</errorCodeMappingType>
        </ParameterDetails>
        <ParameterDetails>
          <name>FILEEXTENSION</name>
          <type>8</type>
          <description>FileExtension</description>
          <errorCodeMappingType>Static</errorCodeMappingType>
        </ParameterDetails>
        <ParameterDetails>
          <name>DOCUMENTID</name>
          <type>8</type>
          <description>DocumentID</description>
          <errorCodeMappingType>Static</errorCodeMappingType>
        </ParameterDetails>
      </Inputs>
      <Outputs>
        <ParameterDetails>
          <name>BASE64STRING</name>
          <type>8</type>
          <description>Base64String</description>
          <errorCodeMappingType>Static</errorCodeMappingType>
        </ParameterDetails>
        <ParameterDetails>
          <name>STATUS</name>
          <type>8</type>
          <description>status</description>
          <errorCodeMappingType>Static</errorCodeMappingType>
        </ParameterDetails>
        <ParameterDetails>
          <name>CONTENT_LENGTH</name>
          <type>8</type>
          <description>content_length</description>
          <errorCodeMappingType>Static</errorCodeMappingType>
        </ParameterDetails>
        <ParameterDetails>
          <name>CONTENT_LENGTH_BYTES</name>
          <type>8</type>
          <description>content_length_bytes</description>
          <errorCodeMappingType>Static</errorCodeMappingType>
        </ParameterDetails>
      </Outputs>
    </Data>
    <LastModifiedDate>2023-02-21T19:15:30.337</LastModifiedDate>
    <LastModifiedBy>
      <Id>1449EC114C3BC751B5F5D73608203364</Id>
      <AutomaticallyPopulate>true</AutomaticallyPopulate>
      <ResourceType>Worker</ResourceType>
      <EmailAddress />
      <UserId />
      <ManagerialLevel>0</ManagerialLevel>
    </LastModifiedBy>
  </CustomService>
</ArrayOfCustomService>