<?xml version="1.0" encoding="utf-16"?>
<ArrayOfProjectInfo xmlns:xsd="http://www.w3.org/2001/XMLSchema" xmlns:xsi="http://www.w3.org/2001/XMLSchema-instance">
  <ProjectInfo>
    <Identity>
      <Id>B1A990809DF941868A9D46D8C750BCFC</Id>
      <Version>11</Version>
      <Name>SFDC Case Form Classification Group</Name>
    </Identity>
    <Category>
      <Id>DD0790857A6F4168A846C164E185B462</Id>
      <AutomaticallyPopulate>true</AutomaticallyPopulate>
      <Name>Salesforce Connector</Name>
    </Category>
    <Name>SFDC Case Form Classification Group</Name>
    <Description />
    <Status>Released</Status>
    <LastModifiedProjectFile>2021-11-04T15:33:00.123</LastModifiedProjectFile>
    <LastModifiedProjectFolderZip>0001-01-01T00:00:00</LastModifiedProjectFolderZip>
    <LastModifiedUser>
      <Id>4EFFC98F46854ABFA36177A564100FD0</Id>
      <AutomaticallyPopulate>true</AutomaticallyPopulate>
      <Name />
      <ResourceType>Worker</ResourceType>
      <EmailAddress />
      <UserId />
      <ManagerialLevel>0</ManagerialLevel>
    </LastModifiedUser>
    <LockedBy>
      <Id>4EFFC98F46854ABFA36177A564100FD0</Id>
      <AutomaticallyPopulate>true</AutomaticallyPopulate>
      <Name />
      <ResourceType>Worker</ResourceType>
      <EmailAddress />
      <UserId />
      <ManagerialLevel>0</ManagerialLevel>
    </LockedBy>
    <OnlineLearningFolderId />
    <ProjectType>ClassificationGroup</ProjectType>
    <IsOnlineLearningEnabled>false</IsOnlineLearningEnabled>
    <IsSeparationEnabled>false</IsSeparationEnabled>
    <LockedByModule>TotalAgilityDesigner</LockedByModule>
    <IsSimpleProject>false</IsSimpleProject>
    <TrainingSetPath />
    <UsedLicenseFeatures>None</UsedLicenseFeatures>
    <ConfigurationSet />
    <IsReadOnly>false</IsReadOnly>
    <DoUpgrade>false</DoUpgrade>
    <CustomVersion>0</CustomVersion>
    <IsLimitedToOnlineLearning>false</IsLimitedToOnlineLearning>
    <IsCaptureSolutionProject>false</IsCaptureSolutionProject>
    <QuickClassificationBaseDocTypeId />
    <SourceControlStatus>NotInSourceControl</SourceControlStatus>
  </ProjectInfo>
  <ProjectInfo>
    <Identity>
      <Id>CF8C44F7EBD537322E859F897B5A731D</Id>
      <Version>7</Version>
      <Name>My Case Form</Name>
    </Identity>
    <Category>
      <Id>DD0790857A6F4168A846C164E185B462</Id>
      <AutomaticallyPopulate>true</AutomaticallyPopulate>
      <Name>Salesforce Connector</Name>
    </Category>
    <Name>My Case Form</Name>
    <Description />
    <Status>Released</Status>
    <LastModifiedProjectFile>2021-11-04T15:32:59.95</LastModifiedProjectFile>
    <LastModifiedProjectFolderZip>0001-01-01T00:00:00</LastModifiedProjectFolderZip>
    <LastModifiedUser>
      <Id>4EFFC98F46854ABFA36177A564100FD0</Id>
      <AutomaticallyPopulate>true</AutomaticallyPopulate>
      <Name />
      <ResourceType>Worker</ResourceType>
      <EmailAddress />
      <UserId />
      <ManagerialLevel>0</ManagerialLevel>
    </LastModifiedUser>
    <OnlineLearningFolderId />
    <ProjectType>DocumentGroup</ProjectType>
    <IsOnlineLearningEnabled>false</IsOnlineLearningEnabled>
    <IsSeparationEnabled>false</IsSeparationEnabled>
    <LockedByModule>None</LockedByModule>
    <IsSimpleProject>false</IsSimpleProject>
    <TrainingSetPath />
    <UsedLicenseFeatures>None</UsedLicenseFeatures>
    <ConfigurationSet />
    <IsReadOnly>false</IsReadOnly>
    <DoUpgrade>false</DoUpgrade>
    <CustomVersion>0</CustomVersion>
    <IsLimitedToOnlineLearning>false</IsLimitedToOnlineLearning>
    <IsCaptureSolutionProject>false</IsCaptureSolutionProject>
    <QuickClassificationBaseDocTypeId />
    <SourceControlStatus>NotInSourceControl</SourceControlStatus>
  </ProjectInfo>
  <ProjectInfo>
    <Identity>
      <Id>F90A1A6D709040E9BC02C15D93EE59F9</Id>
      <Version>32</Version>
      <Name>Capture Starter Pack</Name>
    </Identity>
    <Category>
      <Id>CF4E7FA832494FDAB308A3CDBC3D9C74</Id>
      <AutomaticallyPopulate>true</AutomaticallyPopulate>
      <Name />
    </Category>
    <Name>Capture Starter Pack</Name>
    <Description />
    <Status>Released</Status>
    <LastModifiedProjectFile>2021-05-18T09:52:37</LastModifiedProjectFile>
    <LastModifiedProjectFolderZip>2019-06-25T10:57:09</LastModifiedProjectFolderZip>
    <LastModifiedUser>
      <Id>02A6D0944F124B66831034BFA9008B83</Id>
      <AutomaticallyPopulate>true</AutomaticallyPopulate>
      <Name />
      <ResourceType>Worker</ResourceType>
      <EmailAddress />
      <UserId />
      <ManagerialLevel>0</ManagerialLevel>
    </LastModifiedUser>
    <OnlineLearningFolderId />
    <ProjectType>ClassificationGroup</ProjectType>
    <IsOnlineLearningEnabled>false</IsOnlineLearningEnabled>
    <IsSeparationEnabled>false</IsSeparationEnabled>
    <LockedByModule>None</LockedByModule>
    <IsSimpleProject>false</IsSimpleProject>
    <TrainingSetPath />
    <UsedLicenseFeatures>None</UsedLicenseFeatures>
    <ConfigurationSet>&lt;?xml version="1.0" encoding="utf-8"?&gt;
&lt;ConfigSetFile xmlns:xsi="http://www.w3.org/2001/XMLSchema-instance" xmlns:xsd="http://www.w3.org/2001/XMLSchema"&gt;
  &lt;Name&gt;DefaultTAConfigSet&lt;/Name&gt;
  &lt;Groups&gt;
    &lt;ConfigSetGroup&gt;
      &lt;Name&gt;OnlineLearning&lt;/Name&gt;
      &lt;Objects /&gt;
      &lt;Properties&gt;
        &lt;ConfigSetProperty&gt;
          &lt;Name&gt;Path&lt;/Name&gt;
          &lt;Value&gt;C:\ProgramData\Kofax Transformation\OnlineLearning\project&lt;/Value&gt;
          &lt;Index&gt;0&lt;/Index&gt;
        &lt;/ConfigSetProperty&gt;
      &lt;/Properties&gt;
    &lt;/ConfigSetGroup&gt;
  &lt;/Groups&gt;
&lt;/ConfigSetFile&gt;</ConfigurationSet>
    <IsReadOnly>false</IsReadOnly>
    <DoUpgrade>false</DoUpgrade>
    <CustomVersion>0</CustomVersion>
    <IsLimitedToOnlineLearning>false</IsLimitedToOnlineLearning>
    <IsCaptureSolutionProject>false</IsCaptureSolutionProject>
    <QuickClassificationBaseDocTypeId />
    <SourceControlStatus>NotInSourceControl</SourceControlStatus>
  </ProjectInfo>
  <ProjectInfo>
    <Identity>
      <Id>3CC8EEE043EE437DA29839C6D9761C20</Id>
      <Version>35</Version>
      <Name>Capture Starter Pack</Name>
    </Identity>
    <Category>
      <Id>CF4E7FA832494FDAB308A3CDBC3D9C74</Id>
      <AutomaticallyPopulate>true</AutomaticallyPopulate>
      <Name />
    </Category>
    <Name>Capture Starter Pack</Name>
    <Description />
    <Status>Released</Status>
    <LastModifiedProjectFile>2021-05-18T09:52:37</LastModifiedProjectFile>
    <LastModifiedProjectFolderZip>2019-08-30T14:44:21</LastModifiedProjectFolderZip>
    <LastModifiedUser>
      <Id>02A6D0944F124B66831034BFA9008B83</Id>
      <AutomaticallyPopulate>true</AutomaticallyPopulate>
      <Name />
      <ResourceType>Worker</ResourceType>
      <EmailAddress />
      <UserId />
      <ManagerialLevel>0</ManagerialLevel>
    </LastModifiedUser>
    <LockedBy>
      <Id>D6B342DA5E4644EBB95CC83CA07CCD95</Id>
      <AutomaticallyPopulate>true</AutomaticallyPopulate>
      <Name />
      <ResourceType>Worker</ResourceType>
      <EmailAddress />
      <UserId />
      <ManagerialLevel>0</ManagerialLevel>
    </LockedBy>
    <OnlineLearningFolderId>E20F747F56C84E29B553ADA600E140D5</OnlineLearningFolderId>
    <ProjectType>DocumentGroup</ProjectType>
    <IsOnlineLearningEnabled>true</IsOnlineLearningEnabled>
    <IsSeparationEnabled>false</IsSeparationEnabled>
    <LockedByModule>TotalAgilityDesigner</LockedByModule>
    <IsSimpleProject>false</IsSimpleProject>
    <TrainingSetPath />
    <UsedLicenseFeatures>None</UsedLicenseFeatures>
    <ConfigurationSet>&lt;?xml version="1.0" encoding="utf-8"?&gt;
&lt;ConfigSetFile xmlns:xsi="http://www.w3.org/2001/XMLSchema-instance" xmlns:xsd="http://www.w3.org/2001/XMLSchema"&gt;
  &lt;Name&gt;DefaultTAConfigSet&lt;/Name&gt;
  &lt;Groups&gt;
    &lt;ConfigSetGroup&gt;
      &lt;Name&gt;OnlineLearning&lt;/Name&gt;
      &lt;Objects /&gt;
      &lt;Properties&gt;
        &lt;ConfigSetProperty&gt;
          &lt;Name&gt;Path&lt;/Name&gt;
          &lt;Value&gt;C:\ProgramData\Kofax Transformation\OnlineLearning\project&lt;/Value&gt;
          &lt;Index&gt;0&lt;/Index&gt;
        &lt;/ConfigSetProperty&gt;
      &lt;/Properties&gt;
    &lt;/ConfigSetGroup&gt;
  &lt;/Groups&gt;
&lt;/ConfigSetFile&gt;</ConfigurationSet>
    <IsReadOnly>false</IsReadOnly>
    <DoUpgrade>false</DoUpgrade>
    <CustomVersion>0</CustomVersion>
    <IsLimitedToOnlineLearning>false</IsLimitedToOnlineLearning>
    <IsCaptureSolutionProject>false</IsCaptureSolutionProject>
    <QuickClassificationBaseDocTypeId />
    <SourceControlStatus>NotInSourceControl</SourceControlStatus>
  </ProjectInfo>
</ArrayOfProjectInfo>