<?xml version="1.0" encoding="utf-16"?>
<ArrayOfProjectInfo xmlns:xsd="http://www.w3.org/2001/XMLSchema" xmlns:xsi="http://www.w3.org/2001/XMLSchema-instance">
  <ProjectInfo>
    <Identity>
      <Id>420A4B9A30458B3372BBB257A5E6F3AD</Id>
      <Version>3</Version>
      <Name>SFDC_CaseForms_CG</Name>
    </Identity>
    <Category>
      <Id>81539FC24F03442484E2F57B7301FF09</Id>
      <AutomaticallyPopulate>true</AutomaticallyPopulate>
      <Name />
    </Category>
    <Name>SFDC_CaseForms_CG</Name>
    <Description />
    <Status>Released</Status>
    <LastModifiedProjectFile>2023-04-18T20:13:04.26</LastModifiedProjectFile>
    <LastModifiedProjectFolderZip>2023-04-18T20:13:04.26</LastModifiedProjectFolderZip>
    <LastModifiedUser>
      <Id>26E770722735487EA4C6AA47DCC53FE3</Id>
      <AutomaticallyPopulate>true</AutomaticallyPopulate>
      <Name />
      <ResourceType>Worker</ResourceType>
      <EmailAddress />
      <UserId />
      <ManagerialLevel>0</ManagerialLevel>
    </LastModifiedUser>
    <OnlineLearningFolderId />
    <ProjectType>ClassificationGroup</ProjectType>
    <IsOnlineLearningEnabled>false</IsOnlineLearningEnabled>
    <IsSeparationEnabled>false</IsSeparationEnabled>
    <LockedByModule>None</LockedByModule>
    <IsSimpleProject>false</IsSimpleProject>
    <TrainingSetPath />
    <UsedLicenseFeatures>None</UsedLicenseFeatures>
    <ConfigurationSet>&lt;?xml version="1.0" encoding="utf-8"?&gt;
&lt;ConfigSetFile xmlns:xsi="http://www.w3.org/2001/XMLSchema-instance" xmlns:xsd="http://www.w3.org/2001/XMLSchema"&gt;
  &lt;Name&gt;DefaultTAConfigSet&lt;/Name&gt;
  &lt;Groups&gt;
    &lt;ConfigSetGroup&gt;
      &lt;Name&gt;OnlineLearning&lt;/Name&gt;
      &lt;Objects /&gt;
      &lt;Properties&gt;
        &lt;ConfigSetProperty&gt;
          &lt;Name&gt;Path&lt;/Name&gt;
          &lt;Value&gt;C:\ProgramData\Kofax Transformation\OnlineLearning\project&lt;/Value&gt;
          &lt;Index&gt;0&lt;/Index&gt;
        &lt;/ConfigSetProperty&gt;
      &lt;/Properties&gt;
    &lt;/ConfigSetGroup&gt;
  &lt;/Groups&gt;
&lt;/ConfigSetFile&gt;</ConfigurationSet>
    <IsReadOnly>false</IsReadOnly>
    <DoUpgrade>false</DoUpgrade>
    <CustomVersion>0</CustomVersion>
    <IsLimitedToOnlineLearning>false</IsLimitedToOnlineLearning>
    <IsCaptureSolutionProject>false</IsCaptureSolutionProject>
    <QuickClassificationBaseDocTypeId />
    <SourceControlStatus>NotInSourceControl</SourceControlStatus>
  </ProjectInfo>
  <ProjectInfo>
    <Identity>
      <Id>3A370A7545DEAE53A2EF7DABA6C1DDA9</Id>
      <Version>3</Version>
      <Name>SFDC_CaseForms_EG</Name>
    </Identity>
    <Category>
      <Id>81539FC24F03442484E2F57B7301FF09</Id>
      <AutomaticallyPopulate>true</AutomaticallyPopulate>
      <Name />
    </Category>
    <Name>SFDC_CaseForms_EG</Name>
    <Description />
    <Status>Released</Status>
    <LastModifiedProjectFile>2023-04-18T20:12:45.09</LastModifiedProjectFile>
    <LastModifiedProjectFolderZip>2023-04-18T20:12:45.09</LastModifiedProjectFolderZip>
    <LastModifiedUser>
      <Id>26E770722735487EA4C6AA47DCC53FE3</Id>
      <AutomaticallyPopulate>true</AutomaticallyPopulate>
      <Name />
      <ResourceType>Worker</ResourceType>
      <EmailAddress />
      <UserId />
      <ManagerialLevel>0</ManagerialLevel>
    </LastModifiedUser>
    <OnlineLearningFolderId />
    <ProjectType>DocumentGroup</ProjectType>
    <IsOnlineLearningEnabled>false</IsOnlineLearningEnabled>
    <IsSeparationEnabled>false</IsSeparationEnabled>
    <LockedByModule>None</LockedByModule>
    <IsSimpleProject>false</IsSimpleProject>
    <TrainingSetPath />
    <UsedLicenseFeatures>None</UsedLicenseFeatures>
    <ConfigurationSet>&lt;?xml version="1.0" encoding="utf-8"?&gt;
&lt;ConfigSetFile xmlns:xsi="http://www.w3.org/2001/XMLSchema-instance" xmlns:xsd="http://www.w3.org/2001/XMLSchema"&gt;
  &lt;Name&gt;DefaultTAConfigSet&lt;/Name&gt;
  &lt;Groups&gt;
    &lt;ConfigSetGroup&gt;
      &lt;Name&gt;OnlineLearning&lt;/Name&gt;
      &lt;Objects /&gt;
      &lt;Properties&gt;
        &lt;ConfigSetProperty&gt;
          &lt;Name&gt;Path&lt;/Name&gt;
          &lt;Value /&gt;
          &lt;Index&gt;0&lt;/Index&gt;
        &lt;/ConfigSetProperty&gt;
      &lt;/Properties&gt;
    &lt;/ConfigSetGroup&gt;
  &lt;/Groups&gt;
&lt;/ConfigSetFile&gt;</ConfigurationSet>
    <IsReadOnly>false</IsReadOnly>
    <DoUpgrade>false</DoUpgrade>
    <CustomVersion>0</CustomVersion>
    <IsLimitedToOnlineLearning>false</IsLimitedToOnlineLearning>
    <IsCaptureSolutionProject>false</IsCaptureSolutionProject>
    <QuickClassificationBaseDocTypeId />
    <SourceControlStatus>NotInSourceControl</SourceControlStatus>
  </ProjectInfo>
  <ProjectInfo>
    <Identity>
      <Id>CF8C44F7EBD537322E859F897B5A731D</Id>
      <Version>14</Version>
      <Name>Case Forms</Name>
    </Identity>
    <Category>
      <Id>201F370CA5164F76ADDD8EEEFF666AF7</Id>
      <AutomaticallyPopulate>true</AutomaticallyPopulate>
      <Name />
    </Category>
    <Name>Case Forms</Name>
    <Description />
    <Status>Released</Status>
    <LastModifiedProjectFile>2023-04-06T23:07:25.243</LastModifiedProjectFile>
    <LastModifiedProjectFolderZip>2023-04-06T23:07:25.243</LastModifiedProjectFolderZip>
    <LastModifiedUser>
      <Id>26E770722735487EA4C6AA47DCC53FE3</Id>
      <AutomaticallyPopulate>true</AutomaticallyPopulate>
      <Name />
      <ResourceType>Worker</ResourceType>
      <EmailAddress />
      <UserId />
      <ManagerialLevel>0</ManagerialLevel>
    </LastModifiedUser>
    <OnlineLearningFolderId />
    <ProjectType>DocumentGroup</ProjectType>
    <IsOnlineLearningEnabled>false</IsOnlineLearningEnabled>
    <IsSeparationEnabled>false</IsSeparationEnabled>
    <LockedByModule>None</LockedByModule>
    <IsSimpleProject>false</IsSimpleProject>
    <TrainingSetPath />
    <UsedLicenseFeatures>None</UsedLicenseFeatures>
    <ConfigurationSet>&lt;?xml version="1.0" encoding="utf-8"?&gt;
&lt;ConfigSetFile xmlns:xsi="http://www.w3.org/2001/XMLSchema-instance" xmlns:xsd="http://www.w3.org/2001/XMLSchema"&gt;
  &lt;Name&gt;DefaultTAConfigSet&lt;/Name&gt;
  &lt;Groups&gt;
    &lt;ConfigSetGroup&gt;
      &lt;Name&gt;OnlineLearning&lt;/Name&gt;
      &lt;Objects /&gt;
      &lt;Properties&gt;
        &lt;ConfigSetProperty&gt;
          &lt;Name&gt;Path&lt;/Name&gt;
          &lt;Value&gt;C:\ProgramData\Kofax\DesignerService&lt;/Value&gt;
          &lt;Index&gt;0&lt;/Index&gt;
        &lt;/ConfigSetProperty&gt;
      &lt;/Properties&gt;
    &lt;/ConfigSetGroup&gt;
  &lt;/Groups&gt;
&lt;/ConfigSetFile&gt;</ConfigurationSet>
    <IsReadOnly>false</IsReadOnly>
    <DoUpgrade>false</DoUpgrade>
    <CustomVersion>0</CustomVersion>
    <IsLimitedToOnlineLearning>false</IsLimitedToOnlineLearning>
    <IsCaptureSolutionProject>false</IsCaptureSolutionProject>
    <QuickClassificationBaseDocTypeId />
    <SourceControlStatus>NotInSourceControl</SourceControlStatus>
  </ProjectInfo>
  <ProjectInfo>
    <Identity>
      <Id>F90A1A6D709040E9BC02C15D93EE59F9</Id>
      <Version>32</Version>
      <Name>Capture Starter Pack</Name>
    </Identity>
    <Category>
      <Id>201F370CA5164F76ADDD8EEEFF666AF7</Id>
      <AutomaticallyPopulate>true</AutomaticallyPopulate>
      <Name />
    </Category>
    <Name>Capture Starter Pack</Name>
    <Description />
    <Status>Released</Status>
    <LastModifiedProjectFile>2021-05-18T09:52:37</LastModifiedProjectFile>
    <LastModifiedProjectFolderZip>2019-06-25T10:57:09</LastModifiedProjectFolderZip>
    <LastModifiedUser>
      <Id>02A6D0944F124B66831034BFA9008B83</Id>
      <AutomaticallyPopulate>true</AutomaticallyPopulate>
      <Name />
      <ResourceType>Worker</ResourceType>
      <EmailAddress />
      <UserId />
      <ManagerialLevel>0</ManagerialLevel>
    </LastModifiedUser>
    <OnlineLearningFolderId />
    <ProjectType>ClassificationGroup</ProjectType>
    <IsOnlineLearningEnabled>false</IsOnlineLearningEnabled>
    <IsSeparationEnabled>false</IsSeparationEnabled>
    <LockedByModule>None</LockedByModule>
    <IsSimpleProject>false</IsSimpleProject>
    <TrainingSetPath />
    <UsedLicenseFeatures>None</UsedLicenseFeatures>
    <ConfigurationSet>&lt;?xml version="1.0" encoding="utf-8"?&gt;
&lt;ConfigSetFile xmlns:xsi="http://www.w3.org/2001/XMLSchema-instance" xmlns:xsd="http://www.w3.org/2001/XMLSchema"&gt;
  &lt;Name&gt;DefaultTAConfigSet&lt;/Name&gt;
  &lt;Groups&gt;
    &lt;ConfigSetGroup&gt;
      &lt;Name&gt;OnlineLearning&lt;/Name&gt;
      &lt;Objects /&gt;
      &lt;Properties&gt;
        &lt;ConfigSetProperty&gt;
          &lt;Name&gt;Path&lt;/Name&gt;
          &lt;Value&gt;C:\ProgramData\Kofax Transformation\OnlineLearning\project&lt;/Value&gt;
          &lt;Index&gt;0&lt;/Index&gt;
        &lt;/ConfigSetProperty&gt;
      &lt;/Properties&gt;
    &lt;/ConfigSetGroup&gt;
  &lt;/Groups&gt;
&lt;/ConfigSetFile&gt;</ConfigurationSet>
    <IsReadOnly>false</IsReadOnly>
    <DoUpgrade>false</DoUpgrade>
    <CustomVersion>0</CustomVersion>
    <IsLimitedToOnlineLearning>false</IsLimitedToOnlineLearning>
    <IsCaptureSolutionProject>false</IsCaptureSolutionProject>
    <QuickClassificationBaseDocTypeId />
    <SourceControlStatus>NotInSourceControl</SourceControlStatus>
  </ProjectInfo>
  <ProjectInfo>
    <Identity>
      <Id>3CC8EEE043EE437DA29839C6D9761C20</Id>
      <Version>35</Version>
      <Name>Capture Starter Pack</Name>
    </Identity>
    <Category>
      <Id>201F370CA5164F76ADDD8EEEFF666AF7</Id>
      <AutomaticallyPopulate>true</AutomaticallyPopulate>
      <Name />
    </Category>
    <Name>Capture Starter Pack</Name>
    <Description />
    <Status>Released</Status>
    <LastModifiedProjectFile>2021-05-18T09:52:37</LastModifiedProjectFile>
    <LastModifiedProjectFolderZip>2019-08-30T14:44:21</LastModifiedProjectFolderZip>
    <LastModifiedUser>
      <Id>02A6D0944F124B66831034BFA9008B83</Id>
      <AutomaticallyPopulate>true</AutomaticallyPopulate>
      <Name />
      <ResourceType>Worker</ResourceType>
      <EmailAddress />
      <UserId />
      <ManagerialLevel>0</ManagerialLevel>
    </LastModifiedUser>
    <OnlineLearningFolderId />
    <ProjectType>DocumentGroup</ProjectType>
    <IsOnlineLearningEnabled>true</IsOnlineLearningEnabled>
    <IsSeparationEnabled>false</IsSeparationEnabled>
    <LockedByModule>None</LockedByModule>
    <IsSimpleProject>false</IsSimpleProject>
    <TrainingSetPath />
    <UsedLicenseFeatures>None</UsedLicenseFeatures>
    <ConfigurationSet>&lt;?xml version="1.0" encoding="utf-8"?&gt;
&lt;ConfigSetFile xmlns:xsi="http://www.w3.org/2001/XMLSchema-instance" xmlns:xsd="http://www.w3.org/2001/XMLSchema"&gt;
  &lt;Name&gt;DefaultTAConfigSet&lt;/Name&gt;
  &lt;Groups&gt;
    &lt;ConfigSetGroup&gt;
      &lt;Name&gt;OnlineLearning&lt;/Name&gt;
      &lt;Objects /&gt;
      &lt;Properties&gt;
        &lt;ConfigSetProperty&gt;
          &lt;Name&gt;Path&lt;/Name&gt;
          &lt;Value&gt;C:\ProgramData\Kofax Transformation\OnlineLearning\project&lt;/Value&gt;
          &lt;Index&gt;0&lt;/Index&gt;
        &lt;/ConfigSetProperty&gt;
      &lt;/Properties&gt;
    &lt;/ConfigSetGroup&gt;
  &lt;/Groups&gt;
&lt;/ConfigSetFile&gt;</ConfigurationSet>
    <IsReadOnly>false</IsReadOnly>
    <DoUpgrade>false</DoUpgrade>
    <CustomVersion>0</CustomVersion>
    <IsLimitedToOnlineLearning>false</IsLimitedToOnlineLearning>
    <IsCaptureSolutionProject>false</IsCaptureSolutionProject>
    <QuickClassificationBaseDocTypeId />
    <SourceControlStatus>NotInSourceControl</SourceControlStatus>
  </ProjectInfo>
</ArrayOfProjectInfo>