<processmaps xmlns:dt="urn:schemas-microsoft-com:datatypes" dbversion="7.10" parentprocessmapversion="6.000000" parentprocessmapid="C052738019F231A67A469E42420B57F3"><projectlist /><webservices></webservices><projectlist /><processmap><procdata><mapid>C052738019F231A67A469E42420B57F3</mapid><mapname>SalesForce Contacts Search</mapname><mapauthor>Youssef Sayegh</mapauthor><mapauthorid>66D205A297C648689F4F308BB92B0C15</mapauthorid><maptrackstorejvh>0</maptrackstorejvh><helptext></helptext><lastmodified>66D205A297C648689F4F308BB92B0C15</lastmodified><allocationalgorithm>0</allocationalgorithm><arrowstyle>0</arrowstyle><arrowweighting>0</arrowweighting><designtimesettings>&lt;designtimesettings&gt;&lt;annotations /&gt;&lt;attachments /&gt;&lt;collaborationnodes /&gt;&lt;groupartifacts /&gt;&lt;pools&gt;&lt;pool&gt;&lt;xposition&gt;25&lt;/xposition&gt;&lt;yposition&gt;25&lt;/yposition&gt;&lt;width&gt;1400&lt;/width&gt;&lt;height&gt;600&lt;/height&gt;&lt;name&gt;New process&lt;/name&gt;&lt;id&gt;D051FD91CE7354DACD351BD59CF32D6B&lt;/id&gt;&lt;type&gt;0&lt;/type&gt;&lt;lanes&gt;&lt;lane&gt;&lt;name&gt;Lane1&lt;/name&gt;&lt;index&gt;0&lt;/index&gt;&lt;poolid&gt;D051FD91CE7354DACD351BD59CF32D6B&lt;/poolid&gt;&lt;height&gt;600&lt;/height&gt;&lt;/lane&gt;&lt;/lanes&gt;&lt;/pool&gt;&lt;/pools&gt;&lt;messageflows /&gt;&lt;layoutdirection&gt;Horizontal&lt;/layoutdirection&gt;&lt;layouttype&gt;ProcessTree&lt;/layouttype&gt;&lt;zoomfactor&gt;100&lt;/zoomfactor&gt;&lt;viewactivitycost&gt;False&lt;/viewactivitycost&gt;&lt;viewactivityduration&gt;False&lt;/viewactivityduration&gt;&lt;viewactivityresources&gt;False&lt;/viewactivityresources&gt;&lt;viewgroups&gt;False&lt;/viewgroups&gt;&lt;viewpools&gt;False&lt;/viewpools&gt;&lt;compatiblewithallcasedefversions&gt;0&lt;/compatiblewithallcasedefversions&gt;&lt;hasdocumentset&gt;False&lt;/hasdocumentset&gt;&lt;startnodes&gt;&lt;startnode&gt;&lt;designtimesettings&gt;&lt;xposition&gt;45&lt;/xposition&gt;&lt;yposition&gt;302.800018310547&lt;/yposition&gt;&lt;width&gt;30&lt;/width&gt;&lt;height&gt;30&lt;/height&gt;&lt;inheritcolorfromsystem&gt;True&lt;/inheritcolorfromsystem&gt;&lt;colour&gt;#62A716&lt;/colour&gt;&lt;eventtype&gt;Default&lt;/eventtype&gt;&lt;name&gt;Start&lt;/name&gt;&lt;textposition&gt;Top&lt;/textposition&gt;&lt;conditionpathdescription /&gt;&lt;lane&gt;&lt;name /&gt;&lt;index&gt;0&lt;/index&gt;&lt;poolid /&gt;&lt;height&gt;0&lt;/height&gt;&lt;/lane&gt;&lt;annotations /&gt;&lt;attachments /&gt;&lt;/designtimesettings&gt;&lt;/startnode&gt;&lt;/startnodes&gt;&lt;redraw&gt;False&lt;/redraw&gt;&lt;/designtimesettings&gt;</designtimesettings><attachments></attachments><annotations></annotations><formsections></formsections><form></form><categoryid>DD0790857A6F4168A846C164E185B462</categoryid><targetdays>0</targetdays><targethours>0</targethours><targetmins>0</targetmins><targetsecs>0</targetsecs><priority>1</priority><transactional>0</transactional><backgroundcolour>0</backgroundcolour><version>6.000000</version><cost>0.000000</cost><creationdate>2022-01-28T08:30:55</creationdate><changedate>2022-01-28T10:13:40</changedate><description></description><status>2</status><newmap>0</newmap><archivefinishedjobs>0</archivefinishedjobs><straightthrough>1</straightthrough><poolid>0</poolid><dynexpfinishtimevar></dynexpfinishtimevar><mapmilestonesrvstdtag /><mapmilestonescopetag>0</mapmilestonescopetag><mapmilestonetag /><dynamicbudget></dynamicbudget><budget>0.000000</budget><processtype>6</processtype><processtypestring>CustomService</processtypestring><associatedcaseid></associatedcaseid><associatedcase></associatedcase><latestcaseversion>0.000000</latestcaseversion><prefixvariable>0</prefixvariable><completioneventmapid></completioneventmapid><completioneventmapname></completioneventmapname><assocjobsoncompletion>0</assocjobsoncompletion><sendemail>0</sendemail><emailto>0</emailto><subjecttext></subjecttext><subjectvar></subjectvar><contenttext></contenttext><contentvar></contentvar><urltext></urltext><urlvar></urlvar><appendassocfile>0</appendassocfile><initialisationvariables><initialisationvariable><varname>SEARCHFOR</varname></initialisationvariable><initialisationvariable><varname>SEARCHVALUE</varname></initialisationvariable></initialisationvariables><outputvariables><outputvariable><varid>NAME</varid></outputvariable><outputvariable><varid>PHONE</varid></outputvariable><outputvariable><varid>TITLE</varid></outputvariable><outputvariable><varid>ID</varid></outputvariable><outputvariable><varid>EMAIL</varid></outputvariable><outputvariable><varid>TOTALSIZE</varid></outputvariable></outputvariables><maintenanceaccess><resource><resourcetype>3</resourcetype><resourcename>Everyone</resourcename><resourceid>7DF43CCDF24611D2804B00104B71BD15</resourceid><serverid>7F6AEA32D2AA25489457A4E4F29CFA6B</serverid><unavailability>Default</unavailability><accesstype>0</accesstype><seqassignorder>0</seqassignorder><excluded>0</excluded></resource></maintenanceaccess><creationaccess /><suspendaccess /><terminateaccess /><restartaccess /><holdaccess /><customiseaccess /><jobdetailviewaccess /><scanvrsprofileaccess /><separationprofileaccess /><updatedocumentcontaineraccess /><editbusinessdataaccess><resource><resourcetype>3</resourcetype><resourcename>Everyone</resourcename><resourceid>7DF43CCDF24611D2804B00104B71BD15</resourceid><serverid>7F6AEA32D2AA25489457A4E4F29CFA6B</serverid><unavailability>Default</unavailability><accesstype>0</accesstype><seqassignorder>0</seqassignorder><excluded>0</excluded></resource></editbusinessdataaccess><defaultusableresources><resource><resourcetype>3</resourcetype><resourcename>Everyone</resourcename><resourceid>7DF43CCDF24611D2804B00104B71BD15</resourceid><serverid>7F6AEA32D2AA25489457A4E4F29CFA6B</serverid><unavailability>Default</unavailability><accesstype>0</accesstype><seqassignorder>0</seqassignorder><excluded>0</excluded></resource></defaultusableresources><exceptions><exception><exceptioncode>EXP0004</exceptioncode><processmapid /><processmapname /><description>Invoked when the cost of job exceeds the expected value.</description><version>0.000000</version><serveronly>0</serveronly></exception><exception><exceptioncode>EXP0005</exceptioncode><processmapid /><processmapname /><description>Invoked when a job exceeds its expected duration.</description><version>0.000000</version><serveronly>0</serveronly></exception><exception><exceptioncode>EXP0006</exceptioncode><processmapid /><processmapname /><description>Invoked when an activity exceeds its expected duration.</description><version>0.000000</version><serveronly>0</serveronly></exception><exception><exceptioncode>EXP0009</exceptioncode><processmapid /><processmapname /><description>Invoked when a Script Object fails to execute automatically.</description><version>0.000000</version><serveronly>0</serveronly></exception><exception><exceptioncode>EXP0010</exceptioncode><processmapid /><processmapname /><description>Invoked when a process is stalled.</description><version>0.000000</version><serveronly>0</serveronly></exception><exception><exceptioncode>EXP0013</exceptioncode><processmapid /><processmapname /><description>Invoked when an activity crosses the due date.</description><version>0.000000</version><serveronly>0</serveronly></exception><exception><exceptioncode>EXP0017</exceptioncode><processmapid /><processmapname /><description>Invoked when synchronous processing fails.</description><version>0.000000</version><serveronly>0</serveronly></exception><exception><exceptioncode>EXP0018</exceptioncode><processmapid /><processmapname /><description>Invoked when no usable resource is assigned to an activity.</description><version>0.000000</version><serveronly>0</serveronly></exception><exception><exceptioncode>EXP0019</exceptioncode><processmapid /><processmapname /><description>Invoked when a .NET object fails to execute.</description><version>0.000000</version><serveronly>0</serveronly></exception><exception><exceptioncode>EXP0020</exceptioncode><processmapid /><processmapname /><description>Invoked when a Web Service object fails to execute.</description><version>0.000000</version><serveronly>0</serveronly></exception><exception><exceptioncode>EXP0022</exceptioncode><processmapid>964BDF2D9E446A8123BE0B5C17EAA9C4</processmapid><processmapname>Exception: C# Script Activity Failed</processmapname><description>Invoked when a C# Script activity fails to execute when running automatically.</description><version>0.000000</version><serveronly>0</serveronly></exception><exception><exceptioncode>EXP0023</exceptioncode><processmapid>CB9430995DB4409784D5E7F8C003BAE1</processmapid><processmapname>Exception: VB .NET Script Activity Fail</processmapname><description>Invoked when a VB .NET Script activity fails to execute.</description><version>0.000000</version><serveronly>0</serveronly></exception><exception><exceptioncode>EXP0025</exceptioncode><processmapid /><processmapname /><description>Invoked when a Data Access activity fails to execute.</description><version>0.000000</version><serveronly>0</serveronly></exception><exception><exceptioncode>EXP0036</exceptioncode><processmapid /><processmapname /><description>Invoked when the transfer of documents to another server fails to execute.</description><version>0.000000</version><serveronly>0</serveronly></exception><exception><exceptioncode>EXP0038</exceptioncode><processmapid /><processmapname /><description>Invoked when any automatic activity fails to execute.</description><version>0.000000</version><serveronly>0</serveronly></exception></exceptions><states /><milestones /><bpescalations /><mapvirtualfolders><virtualfolderstructure></virtualfolderstructure><indexdatacollection /><mapvirtualfolderstructure></mapvirtualfolderstructure></mapvirtualfolders><serverid>7F6AEA32D2AA25489457A4E4F29CFA6B</serverid><xmlexpressionlist /><ragstatus><amberthreshold>0</amberthreshold><redthreshold>0</redthreshold><blackthreshold>0</blackthreshold><purplethreshold>0</purplethreshold></ragstatus><casedefcomruntime_data /><archivetopi>0</archivetopi><runtime_settings>0</runtime_settings><process_owner_id></process_owner_id><score_rule /><map_valid_from /><map_valid_to /><captureenabled>0</captureenabled><iscaptureprocess>0</iscaptureprocess><reportingtag></reportingtag><settingsxml>&lt;?xml version="1.0" encoding="utf-16"?&gt;
&lt;BusinessProcessSettings xmlns:xsd="http://www.w3.org/2001/XMLSchema" xmlns:xsi="http://www.w3.org/2001/XMLSchema-instance"&gt;
  &lt;CaptureProcessSettings&gt;
    &lt;ClassificationGroup&gt;
      &lt;Id /&gt;
      &lt;AutomaticallyPopulate&gt;true&lt;/AutomaticallyPopulate&gt;
      &lt;Version&gt;0&lt;/Version&gt;
      &lt;Name /&gt;
    &lt;/ClassificationGroup&gt;
    &lt;ScanVrsProfiles&gt;
      &lt;ScanVrsProfileIdentity&gt;
        &lt;Id&gt;C525FA863EB74348961543C740ED00A0&lt;/Id&gt;
        &lt;Name&gt;Default&lt;/Name&gt;
      &lt;/ScanVrsProfileIdentity&gt;
    &lt;/ScanVrsProfiles&gt;
    &lt;SeparationProfile /&gt;
    &lt;DefaultScanVrsProfile&gt;
      &lt;Id&gt;C525FA863EB74348961543C740ED00A0&lt;/Id&gt;
      &lt;Name&gt;Default&lt;/Name&gt;
    &lt;/DefaultScanVrsProfile&gt;
    &lt;DocConversionProfiles /&gt;
    &lt;DefaultDocConversionProfile /&gt;
    &lt;SaveScannedImageAsPageRendition&gt;false&lt;/SaveScannedImageAsPageRendition&gt;
    &lt;PageRendition&gt;0&lt;/PageRendition&gt;
    &lt;PdfTextExtractionMode&gt;0&lt;/PdfTextExtractionMode&gt;
    &lt;AllowRotateReorderImportedImages&gt;true&lt;/AllowRotateReorderImportedImages&gt;
    &lt;AllowSplitMergeDeleteImportedDocument&gt;true&lt;/AllowSplitMergeDeleteImportedDocument&gt;
    &lt;PdfTextWordSeparationChars&gt;/:()-#&lt;/PdfTextWordSeparationChars&gt;
  &lt;/CaptureProcessSettings&gt;
  &lt;RetentionPolicySettings&gt;
    &lt;KeepForever&gt;true&lt;/KeepForever&gt;
    &lt;RetentionPolicyDuration&gt;
      &lt;Years&gt;1&lt;/Years&gt;
      &lt;Months&gt;0&lt;/Months&gt;
      &lt;Days&gt;0&lt;/Days&gt;
      &lt;Hours&gt;0&lt;/Hours&gt;
      &lt;Minutes&gt;0&lt;/Minutes&gt;
    &lt;/RetentionPolicyDuration&gt;
  &lt;/RetentionPolicySettings&gt;
  &lt;MaximumLoopCount&gt;0&lt;/MaximumLoopCount&gt;
  &lt;ShowSpecificOutputVariables&gt;true&lt;/ShowSpecificOutputVariables&gt;
  &lt;VariableDisplayPropertiesCollection&gt;
    &lt;VariableDisplayProperties&gt;
      &lt;VariableIdentity&gt;
        &lt;Id&gt;EMAIL&lt;/Id&gt;
        &lt;Version&gt;0&lt;/Version&gt;
        &lt;DisplayName&gt;Email&lt;/DisplayName&gt;
      &lt;/VariableIdentity&gt;
      &lt;StringVariableDisplayProperties&gt;
        &lt;VariableControlType&gt;Singleline&lt;/VariableControlType&gt;
        &lt;MaxNumberOfCharacters&gt;10000&lt;/MaxNumberOfCharacters&gt;
        &lt;LookupIdentity /&gt;
        &lt;StaticData /&gt;
        &lt;Mandatory&gt;false&lt;/Mandatory&gt;
      &lt;/StringVariableDisplayProperties&gt;
      &lt;MinDate xsi:nil="true" /&gt;
      &lt;MaxDate xsi:nil="true" /&gt;
      &lt;DecimalPrecision&gt;0&lt;/DecimalPrecision&gt;
    &lt;/VariableDisplayProperties&gt;
    &lt;VariableDisplayProperties&gt;
      &lt;VariableIdentity&gt;
        &lt;Id&gt;ID&lt;/Id&gt;
        &lt;Version&gt;0&lt;/Version&gt;
        &lt;DisplayName&gt;Id&lt;/DisplayName&gt;
      &lt;/VariableIdentity&gt;
      &lt;StringVariableDisplayProperties&gt;
        &lt;VariableControlType&gt;Singleline&lt;/VariableControlType&gt;
        &lt;MaxNumberOfCharacters&gt;10000&lt;/MaxNumberOfCharacters&gt;
        &lt;LookupIdentity /&gt;
        &lt;StaticData /&gt;
        &lt;Mandatory&gt;false&lt;/Mandatory&gt;
      &lt;/StringVariableDisplayProperties&gt;
      &lt;MinDate xsi:nil="true" /&gt;
      &lt;MaxDate xsi:nil="true" /&gt;
      &lt;DecimalPrecision&gt;0&lt;/DecimalPrecision&gt;
    &lt;/VariableDisplayProperties&gt;
    &lt;VariableDisplayProperties&gt;
      &lt;VariableIdentity&gt;
        &lt;Id&gt;JSON_RESULT&lt;/Id&gt;
        &lt;Version&gt;0&lt;/Version&gt;
        &lt;DisplayName&gt;JSON_Result&lt;/DisplayName&gt;
      &lt;/VariableIdentity&gt;
      &lt;StringVariableDisplayProperties&gt;
        &lt;VariableControlType&gt;Singleline&lt;/VariableControlType&gt;
        &lt;MaxNumberOfCharacters&gt;10000&lt;/MaxNumberOfCharacters&gt;
        &lt;LookupIdentity /&gt;
        &lt;StaticData /&gt;
        &lt;Mandatory&gt;false&lt;/Mandatory&gt;
      &lt;/StringVariableDisplayProperties&gt;
      &lt;MinDate xsi:nil="true" /&gt;
      &lt;MaxDate xsi:nil="true" /&gt;
      &lt;DecimalPrecision&gt;0&lt;/DecimalPrecision&gt;
    &lt;/VariableDisplayProperties&gt;
    &lt;VariableDisplayProperties&gt;
      &lt;VariableIdentity&gt;
        &lt;Id&gt;NAME&lt;/Id&gt;
        &lt;Version&gt;0&lt;/Version&gt;
        &lt;DisplayName&gt;Name&lt;/DisplayName&gt;
      &lt;/VariableIdentity&gt;
      &lt;StringVariableDisplayProperties&gt;
        &lt;VariableControlType&gt;Singleline&lt;/VariableControlType&gt;
        &lt;MaxNumberOfCharacters&gt;10000&lt;/MaxNumberOfCharacters&gt;
        &lt;LookupIdentity /&gt;
        &lt;StaticData /&gt;
        &lt;Mandatory&gt;false&lt;/Mandatory&gt;
      &lt;/StringVariableDisplayProperties&gt;
      &lt;MinDate xsi:nil="true" /&gt;
      &lt;MaxDate xsi:nil="true" /&gt;
      &lt;DecimalPrecision&gt;0&lt;/DecimalPrecision&gt;
    &lt;/VariableDisplayProperties&gt;
    &lt;VariableDisplayProperties&gt;
      &lt;VariableIdentity&gt;
        &lt;Id&gt;PHONE&lt;/Id&gt;
        &lt;Version&gt;0&lt;/Version&gt;
        &lt;DisplayName&gt;Phone&lt;/DisplayName&gt;
      &lt;/VariableIdentity&gt;
      &lt;StringVariableDisplayProperties&gt;
        &lt;VariableControlType&gt;Singleline&lt;/VariableControlType&gt;
        &lt;MaxNumberOfCharacters&gt;10000&lt;/MaxNumberOfCharacters&gt;
        &lt;LookupIdentity /&gt;
        &lt;StaticData /&gt;
        &lt;Mandatory&gt;false&lt;/Mandatory&gt;
      &lt;/StringVariableDisplayProperties&gt;
      &lt;MinDate xsi:nil="true" /&gt;
      &lt;MaxDate xsi:nil="true" /&gt;
      &lt;DecimalPrecision&gt;0&lt;/DecimalPrecision&gt;
    &lt;/VariableDisplayProperties&gt;
    &lt;VariableDisplayProperties&gt;
      &lt;VariableIdentity&gt;
        &lt;Id&gt;SEARCHFOR&lt;/Id&gt;
        &lt;Version&gt;0&lt;/Version&gt;
        &lt;DisplayName&gt;Search For&lt;/DisplayName&gt;
      &lt;/VariableIdentity&gt;
      &lt;StringVariableDisplayProperties&gt;
        &lt;VariableControlType&gt;Singleline&lt;/VariableControlType&gt;
        &lt;MaxNumberOfCharacters&gt;10000&lt;/MaxNumberOfCharacters&gt;
        &lt;LookupIdentity /&gt;
        &lt;StaticData /&gt;
        &lt;Mandatory&gt;false&lt;/Mandatory&gt;
      &lt;/StringVariableDisplayProperties&gt;
      &lt;MinDate xsi:nil="true" /&gt;
      &lt;MaxDate xsi:nil="true" /&gt;
      &lt;DecimalPrecision&gt;0&lt;/DecimalPrecision&gt;
    &lt;/VariableDisplayProperties&gt;
    &lt;VariableDisplayProperties&gt;
      &lt;VariableIdentity&gt;
        &lt;Id&gt;SEARCHVALUE&lt;/Id&gt;
        &lt;Version&gt;0&lt;/Version&gt;
        &lt;DisplayName&gt;Search Value&lt;/DisplayName&gt;
      &lt;/VariableIdentity&gt;
      &lt;StringVariableDisplayProperties&gt;
        &lt;VariableControlType&gt;Singleline&lt;/VariableControlType&gt;
        &lt;MaxNumberOfCharacters&gt;10000&lt;/MaxNumberOfCharacters&gt;
        &lt;LookupIdentity /&gt;
        &lt;StaticData /&gt;
        &lt;Mandatory&gt;false&lt;/Mandatory&gt;
      &lt;/StringVariableDisplayProperties&gt;
      &lt;MinDate xsi:nil="true" /&gt;
      &lt;MaxDate xsi:nil="true" /&gt;
      &lt;DecimalPrecision&gt;0&lt;/DecimalPrecision&gt;
    &lt;/VariableDisplayProperties&gt;
    &lt;VariableDisplayProperties&gt;
      &lt;VariableIdentity&gt;
        &lt;Id&gt;SOQLQUERY&lt;/Id&gt;
        &lt;Version&gt;0&lt;/Version&gt;
        &lt;DisplayName&gt;SOQL Query&lt;/DisplayName&gt;
      &lt;/VariableIdentity&gt;
      &lt;StringVariableDisplayProperties&gt;
        &lt;VariableControlType&gt;Singleline&lt;/VariableControlType&gt;
        &lt;MaxNumberOfCharacters&gt;10000&lt;/MaxNumberOfCharacters&gt;
        &lt;LookupIdentity /&gt;
        &lt;StaticData /&gt;
        &lt;Mandatory&gt;false&lt;/Mandatory&gt;
      &lt;/StringVariableDisplayProperties&gt;
      &lt;MinDate xsi:nil="true" /&gt;
      &lt;MaxDate xsi:nil="true" /&gt;
      &lt;DecimalPrecision&gt;0&lt;/DecimalPrecision&gt;
    &lt;/VariableDisplayProperties&gt;
    &lt;VariableDisplayProperties&gt;
      &lt;VariableIdentity&gt;
        &lt;Id&gt;TITLE&lt;/Id&gt;
        &lt;Version&gt;0&lt;/Version&gt;
        &lt;DisplayName&gt;Title&lt;/DisplayName&gt;
      &lt;/VariableIdentity&gt;
      &lt;StringVariableDisplayProperties&gt;
        &lt;VariableControlType&gt;Singleline&lt;/VariableControlType&gt;
        &lt;MaxNumberOfCharacters&gt;10000&lt;/MaxNumberOfCharacters&gt;
        &lt;LookupIdentity /&gt;
        &lt;StaticData /&gt;
        &lt;Mandatory&gt;false&lt;/Mandatory&gt;
      &lt;/StringVariableDisplayProperties&gt;
      &lt;MinDate xsi:nil="true" /&gt;
      &lt;MaxDate xsi:nil="true" /&gt;
      &lt;DecimalPrecision&gt;0&lt;/DecimalPrecision&gt;
    &lt;/VariableDisplayProperties&gt;
    &lt;VariableDisplayProperties&gt;
      &lt;VariableIdentity&gt;
        &lt;Id&gt;TOKEN&lt;/Id&gt;
        &lt;Version&gt;0&lt;/Version&gt;
        &lt;DisplayName&gt;Token&lt;/DisplayName&gt;
      &lt;/VariableIdentity&gt;
      &lt;StringVariableDisplayProperties&gt;
        &lt;VariableControlType&gt;Singleline&lt;/VariableControlType&gt;
        &lt;MaxNumberOfCharacters&gt;10000&lt;/MaxNumberOfCharacters&gt;
        &lt;LookupIdentity /&gt;
        &lt;StaticData /&gt;
        &lt;Mandatory&gt;false&lt;/Mandatory&gt;
      &lt;/StringVariableDisplayProperties&gt;
      &lt;MinDate xsi:nil="true" /&gt;
      &lt;MaxDate xsi:nil="true" /&gt;
      &lt;DecimalPrecision&gt;0&lt;/DecimalPrecision&gt;
    &lt;/VariableDisplayProperties&gt;
    &lt;VariableDisplayProperties&gt;
      &lt;VariableIdentity&gt;
        &lt;Id&gt;URL&lt;/Id&gt;
        &lt;Version&gt;0&lt;/Version&gt;
        &lt;DisplayName&gt;URL&lt;/DisplayName&gt;
      &lt;/VariableIdentity&gt;
      &lt;StringVariableDisplayProperties&gt;
        &lt;VariableControlType&gt;Singleline&lt;/VariableControlType&gt;
        &lt;MaxNumberOfCharacters&gt;10000&lt;/MaxNumberOfCharacters&gt;
        &lt;LookupIdentity /&gt;
        &lt;StaticData /&gt;
        &lt;Mandatory&gt;false&lt;/Mandatory&gt;
      &lt;/StringVariableDisplayProperties&gt;
      &lt;MinDate xsi:nil="true" /&gt;
      &lt;MaxDate xsi:nil="true" /&gt;
      &lt;DecimalPrecision&gt;0&lt;/DecimalPrecision&gt;
    &lt;/VariableDisplayProperties&gt;
    &lt;VariableDisplayProperties&gt;
      &lt;VariableIdentity&gt;
        &lt;Id&gt;TOTALSIZE&lt;/Id&gt;
        &lt;Version&gt;0&lt;/Version&gt;
        &lt;DisplayName&gt;totalSize&lt;/DisplayName&gt;
      &lt;/VariableIdentity&gt;
      &lt;StringVariableDisplayProperties&gt;
        &lt;VariableControlType&gt;Singleline&lt;/VariableControlType&gt;
        &lt;MaxNumberOfCharacters&gt;10000&lt;/MaxNumberOfCharacters&gt;
        &lt;LookupIdentity /&gt;
        &lt;StaticData /&gt;
        &lt;Mandatory&gt;false&lt;/Mandatory&gt;
      &lt;/StringVariableDisplayProperties&gt;
      &lt;MinValue&gt;-32768&lt;/MinValue&gt;
      &lt;MaxValue&gt;32767&lt;/MaxValue&gt;
      &lt;MinDate xsi:nil="true" /&gt;
      &lt;MaxDate xsi:nil="true" /&gt;
      &lt;DecimalPrecision&gt;0&lt;/DecimalPrecision&gt;
    &lt;/VariableDisplayProperties&gt;
  &lt;/VariableDisplayPropertiesCollection&gt;
&lt;/BusinessProcessSettings&gt;</settingsxml><associateddotnetreferences /><processnotes /><cnjformidentity><id /><name /></cnjformidentity><hasdocumentcontainer>0</hasdocumentcontainer><hasdocumentset>0</hasdocumentset><customserviceowner></customserviceowner><customservicegroupidentity><customservicegroupid>6D6EB0174DD24EBC898D0278045A96E1</customservicegroupid><customservicegroupname>Salesforce Connector Service Group</customservicegroupname></customservicegroupidentity></procdata><entitylist></entitylist><variableslist><variable><varname>EMAIL</varname><vartype>8</vartype><varvalue xml:space="preserve"></varvalue><dynamic>0</dynamic><used_in_skin>0</used_in_skin><entityid>4FEE4E069417475DAC5D2C2E5C95CA49</entityid><entityname>Default Data Grouping</entityname><vardisplayname>Email</vardisplayname><variablemembers /></variable><variable><varname>EMAIL_J</varname><vartype>32749</vartype><varvalue>&lt;?xml version="1.0" encoding="utf-16"?&gt;
&lt;JsonExpressionVariableValue xmlns:xsd="http://www.w3.org/2001/XMLSchema" xmlns:xsi="http://www.w3.org/2001/XMLSchema-instance"&gt;
  &lt;JsonExpression&gt;
    &lt;SourceVariable&gt;
      &lt;Id&gt;JSON_RESULT&lt;/Id&gt;
      &lt;Version&gt;0&lt;/Version&gt;
      &lt;DisplayName&gt;JSON_Result&lt;/DisplayName&gt;
    &lt;/SourceVariable&gt;
    &lt;ExpressionText&gt;$.records[0].Email&lt;/ExpressionText&gt;
  &lt;/JsonExpression&gt;
  &lt;ReturnType&gt;String&lt;/ReturnType&gt;
&lt;/JsonExpressionVariableValue&gt;</varvalue><dynamic>0</dynamic><used_in_skin>0</used_in_skin><entityid>4FEE4E069417475DAC5D2C2E5C95CA49</entityid><entityname>Default Data Grouping</entityname><vardisplayname>Email_J</vardisplayname><variablemembers /></variable><variable><varname>ID</varname><vartype>8</vartype><varvalue xml:space="preserve"></varvalue><dynamic>0</dynamic><used_in_skin>0</used_in_skin><entityid>4FEE4E069417475DAC5D2C2E5C95CA49</entityid><entityname>Default Data Grouping</entityname><vardisplayname>Id</vardisplayname><variablemembers /></variable><variable><varname>ID_J</varname><vartype>32749</vartype><varvalue>&lt;?xml version="1.0" encoding="utf-16"?&gt;
&lt;JsonExpressionVariableValue xmlns:xsd="http://www.w3.org/2001/XMLSchema" xmlns:xsi="http://www.w3.org/2001/XMLSchema-instance"&gt;
  &lt;JsonExpression&gt;
    &lt;SourceVariable&gt;
      &lt;Id&gt;JSON_RESULT&lt;/Id&gt;
      &lt;Version&gt;0&lt;/Version&gt;
      &lt;DisplayName&gt;JSON_Result&lt;/DisplayName&gt;
    &lt;/SourceVariable&gt;
    &lt;ExpressionText&gt;$.records[0].Id&lt;/ExpressionText&gt;
  &lt;/JsonExpression&gt;
  &lt;ReturnType&gt;String&lt;/ReturnType&gt;
&lt;/JsonExpressionVariableValue&gt;</varvalue><dynamic>0</dynamic><used_in_skin>0</used_in_skin><entityid>4FEE4E069417475DAC5D2C2E5C95CA49</entityid><entityname>Default Data Grouping</entityname><vardisplayname>Id_J</vardisplayname><variablemembers /></variable><variable><varname>JSON_RESULT</varname><vartype>8</vartype><varvalue xml:space="preserve"></varvalue><dynamic>0</dynamic><used_in_skin>0</used_in_skin><entityid>4FEE4E069417475DAC5D2C2E5C95CA49</entityid><entityname>Default Data Grouping</entityname><vardisplayname>JSON_Result</vardisplayname><variablemembers /></variable><variable><varname>NAME</varname><vartype>8</vartype><varvalue xml:space="preserve"></varvalue><dynamic>0</dynamic><used_in_skin>0</used_in_skin><entityid>4FEE4E069417475DAC5D2C2E5C95CA49</entityid><entityname>Default Data Grouping</entityname><vardisplayname>Name</vardisplayname><variablemembers /></variable><variable><varname>NAME_J</varname><vartype>32749</vartype><varvalue>&lt;?xml version="1.0" encoding="utf-16"?&gt;
&lt;JsonExpressionVariableValue xmlns:xsd="http://www.w3.org/2001/XMLSchema" xmlns:xsi="http://www.w3.org/2001/XMLSchema-instance"&gt;
  &lt;JsonExpression&gt;
    &lt;SourceVariable&gt;
      &lt;Id&gt;JSON_RESULT&lt;/Id&gt;
      &lt;Version&gt;0&lt;/Version&gt;
      &lt;DisplayName&gt;JSON_Result&lt;/DisplayName&gt;
    &lt;/SourceVariable&gt;
    &lt;ExpressionText&gt;$.records[0].Name&lt;/ExpressionText&gt;
  &lt;/JsonExpression&gt;
  &lt;ReturnType&gt;String&lt;/ReturnType&gt;
&lt;/JsonExpressionVariableValue&gt;</varvalue><dynamic>0</dynamic><used_in_skin>0</used_in_skin><entityid>4FEE4E069417475DAC5D2C2E5C95CA49</entityid><entityname>Default Data Grouping</entityname><vardisplayname>Name_J</vardisplayname><variablemembers /></variable><variable><varname>PHONE</varname><vartype>8</vartype><varvalue xml:space="preserve"></varvalue><dynamic>0</dynamic><used_in_skin>0</used_in_skin><entityid>4FEE4E069417475DAC5D2C2E5C95CA49</entityid><entityname>Default Data Grouping</entityname><vardisplayname>Phone</vardisplayname><variablemembers /></variable><variable><varname>PHONE_J</varname><vartype>32749</vartype><varvalue>&lt;?xml version="1.0" encoding="utf-16"?&gt;
&lt;JsonExpressionVariableValue xmlns:xsd="http://www.w3.org/2001/XMLSchema" xmlns:xsi="http://www.w3.org/2001/XMLSchema-instance"&gt;
  &lt;JsonExpression&gt;
    &lt;SourceVariable&gt;
      &lt;Id&gt;JSON_RESULT&lt;/Id&gt;
      &lt;Version&gt;0&lt;/Version&gt;
      &lt;DisplayName&gt;JSON_Result&lt;/DisplayName&gt;
    &lt;/SourceVariable&gt;
    &lt;ExpressionText&gt;$.records[0].Phone&lt;/ExpressionText&gt;
  &lt;/JsonExpression&gt;
  &lt;ReturnType&gt;String&lt;/ReturnType&gt;
&lt;/JsonExpressionVariableValue&gt;</varvalue><dynamic>0</dynamic><used_in_skin>0</used_in_skin><entityid>4FEE4E069417475DAC5D2C2E5C95CA49</entityid><entityname>Default Data Grouping</entityname><vardisplayname>Phone_J</vardisplayname><variablemembers /></variable><variable><varname>SEARCHFOR</varname><vartype>8</vartype><varvalue xml:space="preserve"></varvalue><dynamic>0</dynamic><used_in_skin>0</used_in_skin><entityid>4FEE4E069417475DAC5D2C2E5C95CA49</entityid><entityname>Default Data Grouping</entityname><vardisplayname>Search For</vardisplayname><variablemembers /></variable><variable><varname>SEARCHVALUE</varname><vartype>8</vartype><varvalue xml:space="preserve"></varvalue><dynamic>0</dynamic><used_in_skin>0</used_in_skin><entityid>4FEE4E069417475DAC5D2C2E5C95CA49</entityid><entityname>Default Data Grouping</entityname><vardisplayname>Search Value</vardisplayname><variablemembers /></variable><variable><varname>SOQLQUERY</varname><vartype>8</vartype><varvalue xml:space="preserve"></varvalue><dynamic>0</dynamic><used_in_skin>0</used_in_skin><entityid>4FEE4E069417475DAC5D2C2E5C95CA49</entityid><entityname>Default Data Grouping</entityname><vardisplayname>SOQL Query</vardisplayname><variablemembers /></variable><variable><varname>TITLE</varname><vartype>8</vartype><varvalue xml:space="preserve"></varvalue><dynamic>0</dynamic><used_in_skin>0</used_in_skin><entityid>4FEE4E069417475DAC5D2C2E5C95CA49</entityid><entityname>Default Data Grouping</entityname><vardisplayname>Title</vardisplayname><variablemembers /></variable><variable><varname>TITLE_J</varname><vartype>32749</vartype><varvalue>&lt;?xml version="1.0" encoding="utf-16"?&gt;
&lt;JsonExpressionVariableValue xmlns:xsd="http://www.w3.org/2001/XMLSchema" xmlns:xsi="http://www.w3.org/2001/XMLSchema-instance"&gt;
  &lt;JsonExpression&gt;
    &lt;SourceVariable&gt;
      &lt;Id&gt;JSON_RESULT&lt;/Id&gt;
      &lt;Version&gt;0&lt;/Version&gt;
      &lt;DisplayName&gt;JSON_Result&lt;/DisplayName&gt;
    &lt;/SourceVariable&gt;
    &lt;ExpressionText&gt;$.records[0].Title&lt;/ExpressionText&gt;
  &lt;/JsonExpression&gt;
  &lt;ReturnType&gt;String&lt;/ReturnType&gt;
&lt;/JsonExpressionVariableValue&gt;</varvalue><dynamic>0</dynamic><used_in_skin>0</used_in_skin><entityid>4FEE4E069417475DAC5D2C2E5C95CA49</entityid><entityname>Default Data Grouping</entityname><vardisplayname>Title_J</vardisplayname><variablemembers /></variable><variable><varname>TOKEN</varname><vartype>8</vartype><varvalue xml:space="preserve"></varvalue><dynamic>0</dynamic><used_in_skin>0</used_in_skin><entityid>4FEE4E069417475DAC5D2C2E5C95CA49</entityid><entityname>Default Data Grouping</entityname><vardisplayname>Token</vardisplayname><variablemembers /></variable><variable><varname>TOTALSIZE</varname><vartype>2</vartype><varvalue>0</varvalue><dynamic>0</dynamic><used_in_skin>0</used_in_skin><entityid>4FEE4E069417475DAC5D2C2E5C95CA49</entityid><entityname>Default Data Grouping</entityname><vardisplayname>totalSize</vardisplayname><variablemembers /></variable><variable><varname>TOTALSIZE_J</varname><vartype>32749</vartype><varvalue>&lt;?xml version="1.0" encoding="utf-16"?&gt;
&lt;JsonExpressionVariableValue xmlns:xsd="http://www.w3.org/2001/XMLSchema" xmlns:xsi="http://www.w3.org/2001/XMLSchema-instance"&gt;
  &lt;JsonExpression&gt;
    &lt;SourceVariable&gt;
      &lt;Id&gt;JSON_RESULT&lt;/Id&gt;
      &lt;Version&gt;0&lt;/Version&gt;
      &lt;DisplayName&gt;JSON_Result&lt;/DisplayName&gt;
    &lt;/SourceVariable&gt;
    &lt;ExpressionText&gt;$.totalSize&lt;/ExpressionText&gt;
  &lt;/JsonExpression&gt;
  &lt;ReturnType&gt;Short&lt;/ReturnType&gt;
&lt;/JsonExpressionVariableValue&gt;</varvalue><dynamic>0</dynamic><used_in_skin>0</used_in_skin><entityid>4FEE4E069417475DAC5D2C2E5C95CA49</entityid><entityname>Default Data Grouping</entityname><vardisplayname>totalSize_J</vardisplayname><variablemembers /></variable><variable><varname>URL</varname><vartype>8</vartype><varvalue xml:space="preserve"></varvalue><dynamic>0</dynamic><used_in_skin>0</used_in_skin><entityid>4FEE4E069417475DAC5D2C2E5C95CA49</entityid><entityname>Default Data Grouping</entityname><vardisplayname>URL</vardisplayname><variablemembers /></variable></variableslist><roleslist /><processeventlist /><nodelist><node><nodetype>1</nodetype><nodedata><processid>C052738019F231A67A469E42420B57F3</processid><version>6.000000</version><nodeid>1</nodeid><isstartnode>1</isstartnode><nodetype>1</nodetype><designtimetype>33</designtimetype><activationprobability>100</activationprobability><embeddedname></embeddedname><state /><statescope>0</statescope><activitymilestone></activitymilestone><activitymilestonescope>0</activitymilestonescope><activitypendmilestone></activitypendmilestone><activitypendmilestonescope>0</activitypendmilestonescope><activitydonemilestone></activitydonemilestone><activitydonemilestonescope>0</activitydonemilestonescope><nodependevent /><nodependeventscope>0</nodependeventscope><nodedoneevent /><nodedoneeventscope>0</nodedoneeventscope><titleposno>5</titleposno><embeddedproccount>0</embeddedproccount><iscustomnode>0</iscustomnode><designtimesettings>&lt;designtimesettings&gt;&lt;xposition&gt;185&lt;/xposition&gt;&lt;yposition&gt;302.800018310547&lt;/yposition&gt;&lt;width&gt;90&lt;/width&gt;&lt;height&gt;60&lt;/height&gt;&lt;inheritcolorfromsystem&gt;True&lt;/inheritcolorfromsystem&gt;&lt;colour&gt;#FFF2F2F2FF&lt;/colour&gt;&lt;textposition&gt;Top&lt;/textposition&gt;&lt;conditionpathdescription /&gt;&lt;lane&gt;&lt;name /&gt;&lt;index&gt;0&lt;/index&gt;&lt;poolid /&gt;&lt;height&gt;0&lt;/height&gt;&lt;/lane&gt;&lt;annotations /&gt;&lt;attachments /&gt;&lt;resourcenotes /&gt;&lt;/designtimesettings&gt;</designtimesettings><attachments></attachments><annotations></annotations><dependants /><destinationnodes><destinationnode><nodeid>3</nodeid><nodetype>1</nodetype></destinationnode></destinationnodes><originnodes /><branchingrules /><runtimesettings>0</runtimesettings></nodedata><activitydata><inputvariables><inputvariable><varid>SPP_SYSTEM_SESSION_ID</varid></inputvariable><inputvariable><varid>SOQLQUERY</varid></inputvariable><inputvariable><varid>SEARCHFOR</varid></inputvariable><inputvariable><varid>SEARCHVALUE</varid></inputvariable></inputvariables><outputvariables /><requiredresources /><usableresources /><dynamicresourcesdata><overwriteusableresources>0</overwriteusableresources><dynamicresourcesvariables /></dynamicresourcesdata><targettime>0</targettime><delaytime>0</delaytime><expectedcost>0.000000</expectedcost><securitylevel>10</securitylevel><skilllevel>10</skilllevel><useprevioususer>0</useprevioususer><tasktype>7</tasktype><priority>1</priority><automatic>1</automatic><trackstorejvh>0</trackstorejvh><usesameasprevious>0</usesameasprevious><taskid>0</taskid><usesameasprevioustype>0</usesameasprevioustype><fixedcost>0.000000</fixedcost><taskname>Build SOQL</taskname><resourceid /><createdby>66D205A297C648689F4F308BB92B0C15</createdby><purpose></purpose><description></description><script>using System; 
using Agility.Server.Scripting.ScriptAssembly;
using System.Net;
using System.IO;
using System.Text;

namespace MyNamespace
{
    
 public class Class1
 {
  public Class1() 
  {
  }
 
  [StartMethodAttribute()] 
  public void Method1(ScriptParameters sp) 
  {

     string sessionId = sp.InputVariables[&amp;quot;SESSIONID&amp;quot;];
        
 string documentId = sp.InputVariables[&amp;quot;DOCUMENTID&amp;quot;];

   string KTAServiceUri =  sp.InputVariables[&amp;quot;KTASDKURL&amp;quot;];

string fileType =  sp.InputVariables[&amp;quot;FILEEXTENSION&amp;quot;];

   string status= &amp;quot;OK&amp;quot;;

   string base64 = &amp;quot;&amp;quot;;

   int content_length = 0;

   int content_length_bytes = 0;
try {

//Setting the URi and calling the get document API
var KTAGetDocumentFile = KTAServiceUri  + &amp;quot;/CaptureDocumentService.svc/json/GetDocumentFile&amp;quot;;
                HttpWebRequest ktaHttpWebRequest = (HttpWebRequest)WebRequest.Create(KTAGetDocumentFile);
                ktaHttpWebRequest.ContentType = &amp;quot;application/json&amp;quot;;
                ktaHttpWebRequest.Method = &amp;quot;POST&amp;quot;;

                // CONSTRUCT JSON Payload
                using (var streamWriter = new StreamWriter(ktaHttpWebRequest.GetRequestStream()))
                {
           string json = &amp;quot;{\&amp;quot;sessionId\&amp;quot;:\&amp;quot;&amp;quot; + sessionId  + &amp;quot;\&amp;quot;,\&amp;quot;documentId\&amp;quot;:\&amp;quot;&amp;quot; + documentId  + &amp;quot;\&amp;quot;,\&amp;quot;fileType\&amp;quot;:\&amp;quot;&amp;quot; + fileType + &amp;quot;\&amp;quot;}&amp;quot;;
                    streamWriter.Write(json);
                    streamWriter.Flush();
                }

                HttpWebResponse ktaHttpWebResponse = (HttpWebResponse)ktaHttpWebRequest.GetResponse();
                Stream receiveStream = ktaHttpWebResponse.GetResponseStream();
                Encoding encode = System.Text.Encoding.GetEncoding(&amp;quot;utf-8&amp;quot;);
                StreamReader readStream = new StreamReader(receiveStream, encode);
                int streamContentLength = unchecked((int)ktaHttpWebResponse.ContentLength);

                byte[] result;
                byte[] buffer = new byte[4096];

                using (Stream responseStream = ktaHttpWebResponse.GetResponseStream())
                {
                    using (MemoryStream memoryStream = new MemoryStream())
                    {
                        int count = 0;
                        do
                        {
                            count = responseStream.Read(buffer, 0, buffer.Length);
                            memoryStream.Write(buffer, 0, count);

                        } while (count != 0);

                        result = memoryStream.ToArray();
                    }
                }

    content_length_bytes = result.Length;
    base64 = System.Convert.ToBase64String(result);
    content_length = base64.Length;
 } catch (Exception ex) {
     status = &amp;quot;An error occured: &amp;quot; + ex.ToString();
}

   sp.OutputVariables[&amp;quot;BASE64STRING&amp;quot;]  = base64;

sp.OutputVariables[&amp;quot;CONTENT_LENGTH&amp;quot;]  = content_length.ToString();

sp.OutputVariables[&amp;quot;STATUS&amp;quot;]  = status;

sp.OutputVariables[&amp;quot;CONTENT_LENGTH_BYTES&amp;quot;]  = content_length_bytes.ToString();
 
                // END KTA GET DOCUMENT FILE BINARY

	 
  }
 }
}</script><processid /><creationdate>2022-11-30T19:30:15.33922</creationdate><transactionalinfo /><createnewjobinfo><cnjprocessid></cnjprocessid><initparams></initparams><outputs></outputs><varid></varid><jobtype>0</jobtype><reftype>0</reftype></createnewjobinfo><scriptprogid>CSHARP</scriptprogid><preloadscript>1</preloadscript><assocfile></assocfile><designinfo /><sleepinfo>0</sleepinfo><jobowneridinfo></jobowneridinfo><jobownervaridinfo></jobownervaridinfo><negativelagtime>0</negativelagtime><dynduedate>0</dynduedate><dynduedatevar /><dyntargetdurationvar /><sendemail>0</sendemail><emailto>0</emailto><subjecttext></subjecttext><subjectvar></subjectvar><contenttext></contenttext><contentvar></contentvar><urltext></urltext><urlvar></urlvar><appendassocfile>0</appendassocfile><dotnet><dotnetactivity><assemblyid>TotalAgility.Sdk.dll</assemblyid><assemblyloadtype>0</assemblyloadtype><assemblyname>TotalAgility.Sdk.dll</assemblyname><classname>TotalAgility.Sdk.ServerService</classname><methodname>ExecuteCalculationNode</methodname><duplicatemethodno>1</duplicatemethodno><noofparams>0</noofparams><paramsmappingxmltag>&lt;parameters&gt;&lt;param direction="in" source="SPP_SYSTEM_SESSION_ID" field="SPP_SYSTEM_SESSION_ID" datatype="System.String" value="SPP_SYSTEM_SESSION_ID" name="sessionId" selection="false" /&gt;&lt;param direction="in" source="" field="" datatype="Agility.Sdk.Model.Calculations.CalculationNode" value="" name="CalculationNode" selection="false"&gt;&lt;member name="ProcessActivityIdentity" source="" type="Agility.Sdk.Model.Activities.ProcessActivityIdentity" value="" field="" selection="false" index="0"&gt;&lt;member name="ProcessIdentity" source="" type="Agility.Sdk.Model.Processes.ProcessIdentity" value="" field="" selection="false" index="0"&gt;&lt;member name="Id" source="inline" type="System.String" value="C052738019F231A67A469E42420B57F3" field="" selection="false" index="0" /&gt;&lt;member name="Name" source="inline" type="System.String" value="SalesForce Contacts Search" field="" selection="false" index="0" /&gt;&lt;member name="Version" source="inline" type="System.Double" value="6" field="" selection="false" index="0" /&gt;&lt;/member&gt;&lt;member name="NodeId" source="inline" type="System.Int16" value="1" field="" selection="false" index="0" /&gt;&lt;member name="ActivityName" source="inline" type="System.String" value="Build SOQL" field="" selection="false" index="0" /&gt;&lt;/member&gt;&lt;member name="InputVariables" source="" type="Agility.Sdk.Model.Variables.InputVariable[]" value="" field="" selection="false" index="0"&gt;&lt;member name="" source="" type="Agility.Sdk.Model.Variables.InputVariable" value="" field="" selection="false" index="0"&gt;&lt;member name="Id" source="inline" type="System.String" value="SPP_SYSTEM_SESSION_ID" field="" selection="false" index="0" /&gt;&lt;member name="Value" source="SPP_SYSTEM_SESSION_ID" type="System.Object" value="SPP_SYSTEM_SESSION_ID" field="SPP_SYSTEM_SESSION_ID" selection="false" index="0" /&gt;&lt;/member&gt;&lt;member name="" source="" type="Agility.Sdk.Model.Variables.InputVariable" value="" field="" selection="false" index="0"&gt;&lt;member name="Id" source="inline" type="System.String" value="SOQLQUERY" field="" selection="false" index="0" /&gt;&lt;member name="Value" source="SOQLQUERY" type="System.Object" value="SOQLQUERY" field="SOQLQUERY" selection="false" index="0" /&gt;&lt;/member&gt;&lt;member name="" source="" type="Agility.Sdk.Model.Variables.InputVariable" value="" field="" selection="false" index="0"&gt;&lt;member name="Id" source="inline" type="System.String" value="SEARCHFOR" field="" selection="false" index="0" /&gt;&lt;member name="Value" source="SEARCHFOR" type="System.Object" value="SEARCHFOR" field="SEARCHFOR" selection="false" index="0" /&gt;&lt;/member&gt;&lt;member name="" source="" type="Agility.Sdk.Model.Variables.InputVariable" value="" field="" selection="false" index="0"&gt;&lt;member name="Id" source="inline" type="System.String" value="SEARCHVALUE" field="" selection="false" index="0" /&gt;&lt;member name="Value" source="SEARCHVALUE" type="System.Object" value="SEARCHVALUE" field="SEARCHVALUE" selection="false" index="0" /&gt;&lt;/member&gt;&lt;/member&gt;&lt;member name="CalculationScriptCollection" source="" type="Agility.Sdk.Model.Calculations.CalculationScript[]" value="" field="" selection="false" index="0"&gt;&lt;member name="" source="" type="Agility.Sdk.Model.Calculations.CalculationScript" value="" field="" selection="false" index="0"&gt;&lt;member name="Script" source="inline" type="System.String" value="&amp;lt;?xml version=&amp;quot;1.0&amp;quot; encoding=&amp;quot;utf-16&amp;quot;?&amp;gt;&amp;lt;Rule xmlns:xsd=&amp;quot;http://www.w3.org/2001/XMLSchema&amp;quot; xmlns:xsi=&amp;quot;http://www.w3.org/2001/XMLSchema-instance&amp;quot;&amp;gt;&amp;lt;RuleInputs&amp;gt;&amp;lt;RuleInput&amp;gt;&amp;lt;Id&amp;gt;SEARCHFOR&amp;lt;/Id&amp;gt;&amp;lt;Scope&amp;gt;None&amp;lt;/Scope&amp;gt;&amp;lt;VariableType&amp;gt;String&amp;lt;/VariableType&amp;gt;&amp;lt;/RuleInput&amp;gt;&amp;lt;RuleInput&amp;gt;&amp;lt;Id&amp;gt;SEARCHVALUE&amp;lt;/Id&amp;gt;&amp;lt;Scope&amp;gt;None&amp;lt;/Scope&amp;gt;&amp;lt;VariableType&amp;gt;String&amp;lt;/VariableType&amp;gt;&amp;lt;/RuleInput&amp;gt;&amp;lt;/RuleInputs&amp;gt;&amp;lt;Script&amp;gt;&amp;quot;SELECT Id, Name, Title, Phone, Email FROM Contact WHERE &amp;quot; + ¬SEARCHFOR¬ + &amp;quot; = '&amp;quot; + ¬SEARCHVALUE¬ +&amp;quot;'&amp;quot;&amp;lt;/Script&amp;gt;&amp;lt;RuleType&amp;gt;Expression&amp;lt;/RuleType&amp;gt;&amp;lt;/Rule&amp;gt;" field="" selection="false" index="0" /&gt;&lt;member name="Description" source="inline" type="System.String" value="" field="" selection="false" index="0" /&gt;&lt;member name="TargetVariable" source="" type="Agility.Sdk.Model.Variables.OutputVariable" value="" field="" selection="false" index="0"&gt;&lt;member name="Id" source="inline" type="System.String" value="SOQLQUERY" field="" selection="false" index="0" /&gt;&lt;member name="Value" source="SOQLQUERY" type="System.Object" value="SOQLQUERY" field="SOQLQUERY" selection="false" index="0" /&gt;&lt;/member&gt;&lt;member name="UseBusinessCalendar" source="inline" type="System.Boolean" value="False" field="" selection="false" index="0" /&gt;&lt;/member&gt;&lt;/member&gt;&lt;/param&gt;&lt;param direction="ret" source="" field="" datatype="Agility.Sdk.Model.Variables.OutputVariable[]" value="" name="Return Parameter" selection="false"&gt;&lt;member name="" source="" type="Agility.Sdk.Model.Variables.OutputVariable" value="" field="" selection="false" index="0"&gt;&lt;member name="Id" source="inline" type="System.String" value="SOQLQUERY" field="" selection="false" index="0" /&gt;&lt;member name="Value" source="SOQLQUERY" type="System.Object" value="SOQLQUERY" field="SOQLQUERY" selection="false" index="0" /&gt;&lt;/member&gt;&lt;/param&gt;&lt;/parameters&gt;</paramsmappingxmltag></dotnetactivity></dotnet><webservice /><activityinfo><useadvworkflowrules>0</useadvworkflowrules><seqactivityassignment>0</seqactivityassignment><concuractivityaccess>0</concuractivityaccess><noofusableresourcesreq>0</noofusableresourcesreq><exitcondition /><expandgroups>0</expandgroups><noofusableresourcesreqvarid /></activityinfo><categoryid>DD0790857A6F4168A846C164E185B462</categoryid><poolid>0</poolid><activityruntimesettings>0</activityruntimesettings><activityragamberthreshold>0</activityragamberthreshold><activityragredthreshold>0</activityragredthreshold><activityragblackthreshold>0</activityragblackthreshold><activityragpurplethreshold>0</activityragpurplethreshold><form /><xmldata /><dataaccess /><getresourceinfo /><jobvariableinfo /><baminfo /><bpescalations /><preconditionslist /><preconditiontext></preconditiontext><startmethod>Method1</startmethod><classnamespace>MyNamespace.Class1</classnamespace><resetlimit>-1</resetlimit><activitytimedoutaction>0</activitytimedoutaction><suspendreasontext></suspendreasontext><suspendreasonvarid></suspendreasonvarid></activitydata></node><node><nodetype>1</nodetype><nodedata><processid>C052738019F231A67A469E42420B57F3</processid><version>6.000000</version><nodeid>3</nodeid><isstartnode>0</isstartnode><nodetype>1</nodetype><designtimetype>10</designtimetype><activationprobability>100</activationprobability><embeddedname></embeddedname><state /><statescope>0</statescope><activitymilestone></activitymilestone><activitymilestonescope>0</activitymilestonescope><activitypendmilestone></activitypendmilestone><activitypendmilestonescope>0</activitypendmilestonescope><activitydonemilestone></activitydonemilestone><activitydonemilestonescope>0</activitydonemilestonescope><nodependevent /><nodependeventscope>0</nodependeventscope><nodedoneevent /><nodedoneeventscope>0</nodedoneeventscope><titleposno>5</titleposno><embeddedproccount>0</embeddedproccount><iscustomnode>0</iscustomnode><designtimesettings>&lt;designtimesettings&gt;&lt;xposition&gt;355&lt;/xposition&gt;&lt;yposition&gt;302.800018310547&lt;/yposition&gt;&lt;width&gt;90&lt;/width&gt;&lt;height&gt;60&lt;/height&gt;&lt;inheritcolorfromsystem&gt;True&lt;/inheritcolorfromsystem&gt;&lt;colour&gt;#FFB2DFDBFF&lt;/colour&gt;&lt;textposition&gt;Top&lt;/textposition&gt;&lt;conditionpathdescription /&gt;&lt;lane&gt;&lt;name /&gt;&lt;index&gt;0&lt;/index&gt;&lt;poolid /&gt;&lt;height&gt;0&lt;/height&gt;&lt;/lane&gt;&lt;annotations /&gt;&lt;attachments /&gt;&lt;resourcenotes /&gt;&lt;/designtimesettings&gt;</designtimesettings><attachments></attachments><annotations></annotations><dependants /><destinationnodes><destinationnode><nodeid>4</nodeid><nodetype>1</nodetype></destinationnode></destinationnodes><originnodes><originnode><nodeid>1</nodeid><nodetype>1</nodetype></originnode></originnodes><branchingrules /><runtimesettings>0</runtimesettings></nodedata><activitydata><inputvariables><inputvariable><varid>SFCLIENTID</varid></inputvariable><inputvariable><varid>SFCLIENTSECRET</varid></inputvariable><inputvariable><varid>SFUSERNAME</varid></inputvariable><inputvariable><varid>SFPASSWORD</varid></inputvariable><inputvariable><varid>SFTOKEN</varid></inputvariable><inputvariable><varid>SFPRODINSTANCE</varid></inputvariable><inputvariable><varid>TOKEN</varid></inputvariable><inputvariable><varid>URL</varid></inputvariable></inputvariables><outputvariables /><requiredresources /><usableresources /><dynamicresourcesdata><overwriteusableresources>0</overwriteusableresources><dynamicresourcesvariables /></dynamicresourcesdata><targettime>0</targettime><delaytime>0</delaytime><expectedcost>0.000000</expectedcost><securitylevel>10</securitylevel><skilllevel>10</skilllevel><useprevioususer>0</useprevioususer><tasktype>7</tasktype><priority>1</priority><automatic>1</automatic><trackstorejvh>0</trackstorejvh><usesameasprevious>0</usesameasprevious><taskid>0</taskid><usesameasprevioustype>0</usesameasprevioustype><fixedcost>0.000000</fixedcost><taskname>SF Login</taskname><resourceid /><createdby>66D205A297C648689F4F308BB92B0C15</createdby><purpose></purpose><description></description><script>using System; 
using Agility.Server.Scripting.ScriptAssembly;
using System.Net;
using System.IO;
using System.Text;

namespace MyNamespace
{
    
 public class Class1
 {
  public Class1() 
  {
  }
 
  [StartMethodAttribute()] 
  public void Method1(ScriptParameters sp) 
  {

     string sessionId = sp.InputVariables[&amp;quot;SESSIONID&amp;quot;];
        
 string documentId = sp.InputVariables[&amp;quot;DOCUMENTID&amp;quot;];

   string KTAServiceUri =  sp.InputVariables[&amp;quot;KTASDKURL&amp;quot;];

string fileType =  sp.InputVariables[&amp;quot;FILEEXTENSION&amp;quot;];

   string status= &amp;quot;OK&amp;quot;;

   string base64 = &amp;quot;&amp;quot;;

   int content_length = 0;

   int content_length_bytes = 0;
try {

//Setting the URi and calling the get document API
var KTAGetDocumentFile = KTAServiceUri  + &amp;quot;/CaptureDocumentService.svc/json/GetDocumentFile&amp;quot;;
                HttpWebRequest ktaHttpWebRequest = (HttpWebRequest)WebRequest.Create(KTAGetDocumentFile);
                ktaHttpWebRequest.ContentType = &amp;quot;application/json&amp;quot;;
                ktaHttpWebRequest.Method = &amp;quot;POST&amp;quot;;

                // CONSTRUCT JSON Payload
                using (var streamWriter = new StreamWriter(ktaHttpWebRequest.GetRequestStream()))
                {
           string json = &amp;quot;{\&amp;quot;sessionId\&amp;quot;:\&amp;quot;&amp;quot; + sessionId  + &amp;quot;\&amp;quot;,\&amp;quot;documentId\&amp;quot;:\&amp;quot;&amp;quot; + documentId  + &amp;quot;\&amp;quot;,\&amp;quot;fileType\&amp;quot;:\&amp;quot;&amp;quot; + fileType + &amp;quot;\&amp;quot;}&amp;quot;;
                    streamWriter.Write(json);
                    streamWriter.Flush();
                }

                HttpWebResponse ktaHttpWebResponse = (HttpWebResponse)ktaHttpWebRequest.GetResponse();
                Stream receiveStream = ktaHttpWebResponse.GetResponseStream();
                Encoding encode = System.Text.Encoding.GetEncoding(&amp;quot;utf-8&amp;quot;);
                StreamReader readStream = new StreamReader(receiveStream, encode);
                int streamContentLength = unchecked((int)ktaHttpWebResponse.ContentLength);

                byte[] result;
                byte[] buffer = new byte[4096];

                using (Stream responseStream = ktaHttpWebResponse.GetResponseStream())
                {
                    using (MemoryStream memoryStream = new MemoryStream())
                    {
                        int count = 0;
                        do
                        {
                            count = responseStream.Read(buffer, 0, buffer.Length);
                            memoryStream.Write(buffer, 0, count);

                        } while (count != 0);

                        result = memoryStream.ToArray();
                    }
                }

    content_length_bytes = result.Length;
    base64 = System.Convert.ToBase64String(result);
    content_length = base64.Length;
 } catch (Exception ex) {
     status = &amp;quot;An error occured: &amp;quot; + ex.ToString();
}

   sp.OutputVariables[&amp;quot;BASE64STRING&amp;quot;]  = base64;

sp.OutputVariables[&amp;quot;CONTENT_LENGTH&amp;quot;]  = content_length.ToString();

sp.OutputVariables[&amp;quot;STATUS&amp;quot;]  = status;

sp.OutputVariables[&amp;quot;CONTENT_LENGTH_BYTES&amp;quot;]  = content_length_bytes.ToString();
 
                // END KTA GET DOCUMENT FILE BINARY

	 
  }
 }
}</script><processid /><creationdate>2022-11-30T19:30:15.33922</creationdate><transactionalinfo /><createnewjobinfo><cnjprocessid></cnjprocessid><initparams></initparams><outputs></outputs><varid></varid><jobtype>0</jobtype><reftype>0</reftype></createnewjobinfo><scriptprogid>CSHARP</scriptprogid><preloadscript>1</preloadscript><assocfile></assocfile><designinfo /><sleepinfo>0</sleepinfo><jobowneridinfo></jobowneridinfo><jobownervaridinfo></jobownervaridinfo><negativelagtime>0</negativelagtime><dynduedate>0</dynduedate><dynduedatevar /><dyntargetdurationvar /><sendemail>0</sendemail><emailto>0</emailto><subjecttext></subjecttext><subjectvar></subjectvar><contenttext></contenttext><contentvar></contentvar><urltext></urltext><urlvar></urlvar><appendassocfile>0</appendassocfile><dotnet><dotnetactivity><assemblyid>SalesforceApiLib.dll</assemblyid><assemblyloadtype>3</assemblyloadtype><assemblyname>SalesforceApiLib.dll</assemblyname><classname>SalesforceApiLib.SalesforceApi</classname><methodname>Login</methodname><duplicatemethodno>1</duplicatemethodno><noofparams>0</noofparams><paramsmappingxmltag>&lt;parameters&gt;&lt;param direction="in" source="SFCLIENTID" field="SFCLIENTID" datatype="System.String" value="SFCLIENTID" name="clientId" selection="false" /&gt;&lt;param direction="in" source="SFCLIENTSECRET" field="SFCLIENTSECRET" datatype="System.String" value="SFCLIENTSECRET" name="clientSecret" selection="false" /&gt;&lt;param direction="in" source="SFUSERNAME" field="SFUSERNAME" datatype="System.String" value="SFUSERNAME" name="username" selection="false" /&gt;&lt;param direction="in" source="SFPASSWORD" field="SFPASSWORD" datatype="System.String" value="SFPASSWORD" name="password" selection="false" /&gt;&lt;param direction="in" source="SFTOKEN" field="SFTOKEN" datatype="System.String" value="SFTOKEN" name="token" selection="false" /&gt;&lt;param direction="in" source="SFPRODINSTANCE" field="SFPRODINSTANCE" datatype="System.Boolean" value="SFPRODINSTANCE" name="prodInstance" selection="false" /&gt;&lt;param direction="ret" source="" field="" datatype="System.String[]" value="" name="Return Parameter" selection="false"&gt;&lt;member source="TOKEN" type="System.String" value="TOKEN" field="TOKEN" selection="false" index="0" /&gt;&lt;member source="URL" type="System.String" value="URL" field="URL" selection="false" index="0" /&gt;&lt;/param&gt;&lt;/parameters&gt;</paramsmappingxmltag></dotnetactivity></dotnet><webservice /><activityinfo><useadvworkflowrules>0</useadvworkflowrules><seqactivityassignment>0</seqactivityassignment><concuractivityaccess>0</concuractivityaccess><noofusableresourcesreq>0</noofusableresourcesreq><exitcondition /><expandgroups>0</expandgroups><noofusableresourcesreqvarid /></activityinfo><categoryid>DD0790857A6F4168A846C164E185B462</categoryid><poolid>0</poolid><activityruntimesettings>0</activityruntimesettings><activityragamberthreshold>0</activityragamberthreshold><activityragredthreshold>0</activityragredthreshold><activityragblackthreshold>0</activityragblackthreshold><activityragpurplethreshold>0</activityragpurplethreshold><form /><xmldata /><dataaccess /><getresourceinfo /><jobvariableinfo /><baminfo /><bpescalations /><preconditionslist /><preconditiontext></preconditiontext><startmethod>Method1</startmethod><classnamespace>MyNamespace.Class1</classnamespace><resetlimit>-1</resetlimit><activitytimedoutaction>0</activitytimedoutaction><suspendreasontext></suspendreasontext><suspendreasonvarid></suspendreasonvarid></activitydata></node><node><nodetype>1</nodetype><nodedata><processid>C052738019F231A67A469E42420B57F3</processid><version>6.000000</version><nodeid>4</nodeid><isstartnode>0</isstartnode><nodetype>1</nodetype><designtimetype>10</designtimetype><activationprobability>100</activationprobability><embeddedname></embeddedname><state /><statescope>0</statescope><activitymilestone></activitymilestone><activitymilestonescope>0</activitymilestonescope><activitypendmilestone></activitypendmilestone><activitypendmilestonescope>0</activitypendmilestonescope><activitydonemilestone></activitydonemilestone><activitydonemilestonescope>0</activitydonemilestonescope><nodependevent /><nodependeventscope>0</nodependeventscope><nodedoneevent /><nodedoneeventscope>0</nodedoneeventscope><titleposno>5</titleposno><embeddedproccount>0</embeddedproccount><iscustomnode>0</iscustomnode><designtimesettings>&lt;designtimesettings&gt;&lt;xposition&gt;525&lt;/xposition&gt;&lt;yposition&gt;302.800018310547&lt;/yposition&gt;&lt;width&gt;90&lt;/width&gt;&lt;height&gt;60&lt;/height&gt;&lt;inheritcolorfromsystem&gt;True&lt;/inheritcolorfromsystem&gt;&lt;colour&gt;#FFB2DFDBFF&lt;/colour&gt;&lt;textposition&gt;Top&lt;/textposition&gt;&lt;conditionpathdescription /&gt;&lt;lane&gt;&lt;name /&gt;&lt;index&gt;0&lt;/index&gt;&lt;poolid /&gt;&lt;height&gt;0&lt;/height&gt;&lt;/lane&gt;&lt;annotations /&gt;&lt;attachments /&gt;&lt;resourcenotes /&gt;&lt;/designtimesettings&gt;</designtimesettings><attachments></attachments><annotations></annotations><dependants /><destinationnodes><destinationnode><nodeid>5</nodeid><nodetype>1</nodetype></destinationnode></destinationnodes><originnodes><originnode><nodeid>3</nodeid><nodetype>1</nodetype></originnode></originnodes><branchingrules /><runtimesettings>0</runtimesettings></nodedata><activitydata><inputvariables><inputvariable><varid>URL</varid></inputvariable><inputvariable><varid>TOKEN</varid></inputvariable><inputvariable><varid>SOQLQUERY</varid></inputvariable><inputvariable><varid>JSON_RESULT</varid></inputvariable></inputvariables><outputvariables /><requiredresources /><usableresources /><dynamicresourcesdata><overwriteusableresources>0</overwriteusableresources><dynamicresourcesvariables /></dynamicresourcesdata><targettime>0</targettime><delaytime>0</delaytime><expectedcost>0.000000</expectedcost><securitylevel>10</securitylevel><skilllevel>10</skilllevel><useprevioususer>0</useprevioususer><tasktype>7</tasktype><priority>1</priority><automatic>1</automatic><trackstorejvh>0</trackstorejvh><usesameasprevious>0</usesameasprevious><taskid>0</taskid><usesameasprevioustype>0</usesameasprevioustype><fixedcost>0.000000</fixedcost><taskname>SF Contacts Query</taskname><resourceid /><createdby>66D205A297C648689F4F308BB92B0C15</createdby><purpose></purpose><description></description><script>using System; 
using Agility.Server.Scripting.ScriptAssembly;
using System.Net;
using System.IO;
using System.Text;

namespace MyNamespace
{
    
 public class Class1
 {
  public Class1() 
  {
  }
 
  [StartMethodAttribute()] 
  public void Method1(ScriptParameters sp) 
  {

     string sessionId = sp.InputVariables[&amp;quot;SESSIONID&amp;quot;];
        
 string documentId = sp.InputVariables[&amp;quot;DOCUMENTID&amp;quot;];

   string KTAServiceUri =  sp.InputVariables[&amp;quot;KTASDKURL&amp;quot;];

string fileType =  sp.InputVariables[&amp;quot;FILEEXTENSION&amp;quot;];

   string status= &amp;quot;OK&amp;quot;;

   string base64 = &amp;quot;&amp;quot;;

   int content_length = 0;

   int content_length_bytes = 0;
try {

//Setting the URi and calling the get document API
var KTAGetDocumentFile = KTAServiceUri  + &amp;quot;/CaptureDocumentService.svc/json/GetDocumentFile&amp;quot;;
                HttpWebRequest ktaHttpWebRequest = (HttpWebRequest)WebRequest.Create(KTAGetDocumentFile);
                ktaHttpWebRequest.ContentType = &amp;quot;application/json&amp;quot;;
                ktaHttpWebRequest.Method = &amp;quot;POST&amp;quot;;

                // CONSTRUCT JSON Payload
                using (var streamWriter = new StreamWriter(ktaHttpWebRequest.GetRequestStream()))
                {
           string json = &amp;quot;{\&amp;quot;sessionId\&amp;quot;:\&amp;quot;&amp;quot; + sessionId  + &amp;quot;\&amp;quot;,\&amp;quot;documentId\&amp;quot;:\&amp;quot;&amp;quot; + documentId  + &amp;quot;\&amp;quot;,\&amp;quot;fileType\&amp;quot;:\&amp;quot;&amp;quot; + fileType + &amp;quot;\&amp;quot;}&amp;quot;;
                    streamWriter.Write(json);
                    streamWriter.Flush();
                }

                HttpWebResponse ktaHttpWebResponse = (HttpWebResponse)ktaHttpWebRequest.GetResponse();
                Stream receiveStream = ktaHttpWebResponse.GetResponseStream();
                Encoding encode = System.Text.Encoding.GetEncoding(&amp;quot;utf-8&amp;quot;);
                StreamReader readStream = new StreamReader(receiveStream, encode);
                int streamContentLength = unchecked((int)ktaHttpWebResponse.ContentLength);

                byte[] result;
                byte[] buffer = new byte[4096];

                using (Stream responseStream = ktaHttpWebResponse.GetResponseStream())
                {
                    using (MemoryStream memoryStream = new MemoryStream())
                    {
                        int count = 0;
                        do
                        {
                            count = responseStream.Read(buffer, 0, buffer.Length);
                            memoryStream.Write(buffer, 0, count);

                        } while (count != 0);

                        result = memoryStream.ToArray();
                    }
                }

    content_length_bytes = result.Length;
    base64 = System.Convert.ToBase64String(result);
    content_length = base64.Length;
 } catch (Exception ex) {
     status = &amp;quot;An error occured: &amp;quot; + ex.ToString();
}

   sp.OutputVariables[&amp;quot;BASE64STRING&amp;quot;]  = base64;

sp.OutputVariables[&amp;quot;CONTENT_LENGTH&amp;quot;]  = content_length.ToString();

sp.OutputVariables[&amp;quot;STATUS&amp;quot;]  = status;

sp.OutputVariables[&amp;quot;CONTENT_LENGTH_BYTES&amp;quot;]  = content_length_bytes.ToString();
 
                // END KTA GET DOCUMENT FILE BINARY

	 
  }
 }
}</script><processid /><creationdate>2022-11-30T19:30:15.33922</creationdate><transactionalinfo /><createnewjobinfo><cnjprocessid></cnjprocessid><initparams></initparams><outputs></outputs><varid></varid><jobtype>0</jobtype><reftype>0</reftype></createnewjobinfo><scriptprogid>CSHARP</scriptprogid><preloadscript>1</preloadscript><assocfile></assocfile><designinfo /><sleepinfo>0</sleepinfo><jobowneridinfo></jobowneridinfo><jobownervaridinfo></jobownervaridinfo><negativelagtime>0</negativelagtime><dynduedate>0</dynduedate><dynduedatevar /><dyntargetdurationvar /><sendemail>0</sendemail><emailto>0</emailto><subjecttext></subjecttext><subjectvar></subjectvar><contenttext></contenttext><contentvar></contentvar><urltext></urltext><urlvar></urlvar><appendassocfile>0</appendassocfile><dotnet><dotnetactivity><assemblyid>SalesforceApiLib.dll</assemblyid><assemblyloadtype>3</assemblyloadtype><assemblyname>SalesforceApiLib.dll</assemblyname><classname>SalesforceApiLib.SalesforceApi</classname><methodname>Query</methodname><duplicatemethodno>1</duplicatemethodno><noofparams>0</noofparams><paramsmappingxmltag>&lt;parameters&gt;&lt;param direction="in" source="URL" field="URL" datatype="System.String" value="URL" name="instanceUrl" selection="false" /&gt;&lt;param direction="in" source="TOKEN" field="TOKEN" datatype="System.String" value="TOKEN" name="authToken" selection="false" /&gt;&lt;param direction="in" source="SOQLQUERY" field="SOQLQUERY" datatype="System.String" value="SOQLQUERY" name="soqlQuery" selection="false" /&gt;&lt;param direction="ret" source="JSON_RESULT" field="JSON_RESULT" datatype="System.String" value="JSON_RESULT" name="Return Parameter" selection="false" /&gt;&lt;/parameters&gt;</paramsmappingxmltag></dotnetactivity></dotnet><webservice /><activityinfo><useadvworkflowrules>0</useadvworkflowrules><seqactivityassignment>0</seqactivityassignment><concuractivityaccess>0</concuractivityaccess><noofusableresourcesreq>0</noofusableresourcesreq><exitcondition /><expandgroups>0</expandgroups><noofusableresourcesreqvarid /></activityinfo><categoryid>DD0790857A6F4168A846C164E185B462</categoryid><poolid>0</poolid><activityruntimesettings>0</activityruntimesettings><activityragamberthreshold>0</activityragamberthreshold><activityragredthreshold>0</activityragredthreshold><activityragblackthreshold>0</activityragblackthreshold><activityragpurplethreshold>0</activityragpurplethreshold><form /><xmldata /><dataaccess /><getresourceinfo /><jobvariableinfo /><baminfo /><bpescalations /><preconditionslist /><preconditiontext></preconditiontext><startmethod>Method1</startmethod><classnamespace>MyNamespace.Class1</classnamespace><resetlimit>-1</resetlimit><activitytimedoutaction>0</activitytimedoutaction><suspendreasontext></suspendreasontext><suspendreasonvarid></suspendreasonvarid></activitydata></node><node><nodetype>1</nodetype><nodedata><processid>C052738019F231A67A469E42420B57F3</processid><version>6.000000</version><nodeid>5</nodeid><isstartnode>0</isstartnode><nodetype>1</nodetype><designtimetype>33</designtimetype><activationprobability>100</activationprobability><embeddedname></embeddedname><state /><statescope>0</statescope><activitymilestone></activitymilestone><activitymilestonescope>0</activitymilestonescope><activitypendmilestone></activitypendmilestone><activitypendmilestonescope>0</activitypendmilestonescope><activitydonemilestone></activitydonemilestone><activitydonemilestonescope>0</activitydonemilestonescope><nodependevent /><nodependeventscope>0</nodependeventscope><nodedoneevent /><nodedoneeventscope>0</nodedoneeventscope><titleposno>5</titleposno><embeddedproccount>0</embeddedproccount><iscustomnode>0</iscustomnode><designtimesettings>&lt;designtimesettings&gt;&lt;xposition&gt;695&lt;/xposition&gt;&lt;yposition&gt;302.800018310547&lt;/yposition&gt;&lt;width&gt;90&lt;/width&gt;&lt;height&gt;60&lt;/height&gt;&lt;inheritcolorfromsystem&gt;True&lt;/inheritcolorfromsystem&gt;&lt;colour&gt;#FFF2F2F2FF&lt;/colour&gt;&lt;textposition&gt;Top&lt;/textposition&gt;&lt;conditionpathdescription /&gt;&lt;lane&gt;&lt;name /&gt;&lt;index&gt;0&lt;/index&gt;&lt;poolid /&gt;&lt;height&gt;0&lt;/height&gt;&lt;/lane&gt;&lt;annotations /&gt;&lt;attachments /&gt;&lt;resourcenotes /&gt;&lt;/designtimesettings&gt;</designtimesettings><attachments></attachments><annotations></annotations><dependants /><destinationnodes><destinationnode><nodeid>6</nodeid><nodetype>6</nodetype></destinationnode></destinationnodes><originnodes><originnode><nodeid>4</nodeid><nodetype>1</nodetype></originnode></originnodes><branchingrules /><runtimesettings>0</runtimesettings></nodedata><activitydata><inputvariables><inputvariable><varid>SPP_SYSTEM_SESSION_ID</varid></inputvariable><inputvariable><varid>ID</varid></inputvariable><inputvariable><varid>ID_J</varid></inputvariable><inputvariable><varid>NAME</varid></inputvariable><inputvariable><varid>NAME_J</varid></inputvariable><inputvariable><varid>PHONE</varid></inputvariable><inputvariable><varid>PHONE_J</varid></inputvariable><inputvariable><varid>TITLE</varid></inputvariable><inputvariable><varid>TITLE_J</varid></inputvariable><inputvariable><varid>EMAIL</varid></inputvariable><inputvariable><varid>EMAIL_J</varid></inputvariable><inputvariable><varid>TOTALSIZE</varid></inputvariable><inputvariable><varid>TOTALSIZE_J</varid></inputvariable></inputvariables><outputvariables /><requiredresources /><usableresources /><dynamicresourcesdata><overwriteusableresources>0</overwriteusableresources><dynamicresourcesvariables /></dynamicresourcesdata><targettime>0</targettime><delaytime>0</delaytime><expectedcost>0.000000</expectedcost><securitylevel>10</securitylevel><skilllevel>10</skilllevel><useprevioususer>0</useprevioususer><tasktype>7</tasktype><priority>1</priority><automatic>1</automatic><trackstorejvh>0</trackstorejvh><usesameasprevious>0</usesameasprevious><taskid>0</taskid><usesameasprevioustype>0</usesameasprevioustype><fixedcost>0.000000</fixedcost><taskname>Get JSON fields</taskname><resourceid /><createdby>66D205A297C648689F4F308BB92B0C15</createdby><purpose></purpose><description></description><script>using System; 
using Agility.Server.Scripting.ScriptAssembly;
using System.Net;
using System.IO;
using System.Text;

namespace MyNamespace
{
    
 public class Class1
 {
  public Class1() 
  {
  }
 
  [StartMethodAttribute()] 
  public void Method1(ScriptParameters sp) 
  {

     string sessionId = sp.InputVariables[&amp;quot;SESSIONID&amp;quot;];
        
 string documentId = sp.InputVariables[&amp;quot;DOCUMENTID&amp;quot;];

   string KTAServiceUri =  sp.InputVariables[&amp;quot;KTASDKURL&amp;quot;];

string fileType =  sp.InputVariables[&amp;quot;FILEEXTENSION&amp;quot;];

   string status= &amp;quot;OK&amp;quot;;

   string base64 = &amp;quot;&amp;quot;;

   int content_length = 0;

   int content_length_bytes = 0;
try {

//Setting the URi and calling the get document API
var KTAGetDocumentFile = KTAServiceUri  + &amp;quot;/CaptureDocumentService.svc/json/GetDocumentFile&amp;quot;;
                HttpWebRequest ktaHttpWebRequest = (HttpWebRequest)WebRequest.Create(KTAGetDocumentFile);
                ktaHttpWebRequest.ContentType = &amp;quot;application/json&amp;quot;;
                ktaHttpWebRequest.Method = &amp;quot;POST&amp;quot;;

                // CONSTRUCT JSON Payload
                using (var streamWriter = new StreamWriter(ktaHttpWebRequest.GetRequestStream()))
                {
           string json = &amp;quot;{\&amp;quot;sessionId\&amp;quot;:\&amp;quot;&amp;quot; + sessionId  + &amp;quot;\&amp;quot;,\&amp;quot;documentId\&amp;quot;:\&amp;quot;&amp;quot; + documentId  + &amp;quot;\&amp;quot;,\&amp;quot;fileType\&amp;quot;:\&amp;quot;&amp;quot; + fileType + &amp;quot;\&amp;quot;}&amp;quot;;
                    streamWriter.Write(json);
                    streamWriter.Flush();
                }

                HttpWebResponse ktaHttpWebResponse = (HttpWebResponse)ktaHttpWebRequest.GetResponse();
                Stream receiveStream = ktaHttpWebResponse.GetResponseStream();
                Encoding encode = System.Text.Encoding.GetEncoding(&amp;quot;utf-8&amp;quot;);
                StreamReader readStream = new StreamReader(receiveStream, encode);
                int streamContentLength = unchecked((int)ktaHttpWebResponse.ContentLength);

                byte[] result;
                byte[] buffer = new byte[4096];

                using (Stream responseStream = ktaHttpWebResponse.GetResponseStream())
                {
                    using (MemoryStream memoryStream = new MemoryStream())
                    {
                        int count = 0;
                        do
                        {
                            count = responseStream.Read(buffer, 0, buffer.Length);
                            memoryStream.Write(buffer, 0, count);

                        } while (count != 0);

                        result = memoryStream.ToArray();
                    }
                }

    content_length_bytes = result.Length;
    base64 = System.Convert.ToBase64String(result);
    content_length = base64.Length;
 } catch (Exception ex) {
     status = &amp;quot;An error occured: &amp;quot; + ex.ToString();
}

   sp.OutputVariables[&amp;quot;BASE64STRING&amp;quot;]  = base64;

sp.OutputVariables[&amp;quot;CONTENT_LENGTH&amp;quot;]  = content_length.ToString();

sp.OutputVariables[&amp;quot;STATUS&amp;quot;]  = status;

sp.OutputVariables[&amp;quot;CONTENT_LENGTH_BYTES&amp;quot;]  = content_length_bytes.ToString();
 
                // END KTA GET DOCUMENT FILE BINARY

	 
  }
 }
}</script><processid /><creationdate>2022-11-30T19:30:15.33922</creationdate><transactionalinfo /><createnewjobinfo><cnjprocessid></cnjprocessid><initparams></initparams><outputs></outputs><varid></varid><jobtype>0</jobtype><reftype>0</reftype></createnewjobinfo><scriptprogid>CSHARP</scriptprogid><preloadscript>1</preloadscript><assocfile></assocfile><designinfo /><sleepinfo>0</sleepinfo><jobowneridinfo></jobowneridinfo><jobownervaridinfo></jobownervaridinfo><negativelagtime>0</negativelagtime><dynduedate>0</dynduedate><dynduedatevar /><dyntargetdurationvar /><sendemail>0</sendemail><emailto>0</emailto><subjecttext></subjecttext><subjectvar></subjectvar><contenttext></contenttext><contentvar></contentvar><urltext></urltext><urlvar></urlvar><appendassocfile>0</appendassocfile><dotnet><dotnetactivity><assemblyid>TotalAgility.Sdk.dll</assemblyid><assemblyloadtype>0</assemblyloadtype><assemblyname>TotalAgility.Sdk.dll</assemblyname><classname>TotalAgility.Sdk.ServerService</classname><methodname>ExecuteCalculationNode</methodname><duplicatemethodno>1</duplicatemethodno><noofparams>0</noofparams><paramsmappingxmltag>&lt;parameters&gt;&lt;param direction="in" source="SPP_SYSTEM_SESSION_ID" field="SPP_SYSTEM_SESSION_ID" datatype="System.String" value="SPP_SYSTEM_SESSION_ID" name="sessionId" selection="false" /&gt;&lt;param direction="in" source="" field="" datatype="Agility.Sdk.Model.Calculations.CalculationNode" value="" name="CalculationNode" selection="false"&gt;&lt;member name="ProcessActivityIdentity" source="" type="Agility.Sdk.Model.Activities.ProcessActivityIdentity" value="" field="" selection="false" index="0"&gt;&lt;member name="ProcessIdentity" source="" type="Agility.Sdk.Model.Processes.ProcessIdentity" value="" field="" selection="false" index="0"&gt;&lt;member name="Id" source="inline" type="System.String" value="C052738019F231A67A469E42420B57F3" field="" selection="false" index="0" /&gt;&lt;member name="Name" source="inline" type="System.String" value="SalesForce Contacts Search" field="" selection="false" index="0" /&gt;&lt;member name="Version" source="inline" type="System.Double" value="6" field="" selection="false" index="0" /&gt;&lt;/member&gt;&lt;member name="NodeId" source="inline" type="System.Int16" value="5" field="" selection="false" index="0" /&gt;&lt;member name="ActivityName" source="inline" type="System.String" value="Get JSON fields" field="" selection="false" index="0" /&gt;&lt;/member&gt;&lt;member name="InputVariables" source="" type="Agility.Sdk.Model.Variables.InputVariable[]" value="" field="" selection="false" index="0"&gt;&lt;member name="" source="" type="Agility.Sdk.Model.Variables.InputVariable" value="" field="" selection="false" index="0"&gt;&lt;member name="Id" source="inline" type="System.String" value="SPP_SYSTEM_SESSION_ID" field="" selection="false" index="0" /&gt;&lt;member name="Value" source="SPP_SYSTEM_SESSION_ID" type="System.Object" value="SPP_SYSTEM_SESSION_ID" field="SPP_SYSTEM_SESSION_ID" selection="false" index="0" /&gt;&lt;/member&gt;&lt;member name="" source="" type="Agility.Sdk.Model.Variables.InputVariable" value="" field="" selection="false" index="0"&gt;&lt;member name="Id" source="inline" type="System.String" value="ID" field="" selection="false" index="0" /&gt;&lt;member name="Value" source="ID" type="System.Object" value="ID" field="ID" selection="false" index="0" /&gt;&lt;/member&gt;&lt;member name="" source="" type="Agility.Sdk.Model.Variables.InputVariable" value="" field="" selection="false" index="0"&gt;&lt;member name="Id" source="inline" type="System.String" value="ID_J" field="" selection="false" index="0" /&gt;&lt;member name="Value" source="ID_J" type="System.Object" value="ID_J" field="ID_J" selection="false" index="0" /&gt;&lt;/member&gt;&lt;member name="" source="" type="Agility.Sdk.Model.Variables.InputVariable" value="" field="" selection="false" index="0"&gt;&lt;member name="Id" source="inline" type="System.String" value="NAME" field="" selection="false" index="0" /&gt;&lt;member name="Value" source="NAME" type="System.Object" value="NAME" field="NAME" selection="false" index="0" /&gt;&lt;/member&gt;&lt;member name="" source="" type="Agility.Sdk.Model.Variables.InputVariable" value="" field="" selection="false" index="0"&gt;&lt;member name="Id" source="inline" type="System.String" value="NAME_J" field="" selection="false" index="0" /&gt;&lt;member name="Value" source="NAME_J" type="System.Object" value="NAME_J" field="NAME_J" selection="false" index="0" /&gt;&lt;/member&gt;&lt;member name="" source="" type="Agility.Sdk.Model.Variables.InputVariable" value="" field="" selection="false" index="0"&gt;&lt;member name="Id" source="inline" type="System.String" value="PHONE" field="" selection="false" index="0" /&gt;&lt;member name="Value" source="PHONE" type="System.Object" value="PHONE" field="PHONE" selection="false" index="0" /&gt;&lt;/member&gt;&lt;member name="" source="" type="Agility.Sdk.Model.Variables.InputVariable" value="" field="" selection="false" index="0"&gt;&lt;member name="Id" source="inline" type="System.String" value="PHONE_J" field="" selection="false" index="0" /&gt;&lt;member name="Value" source="PHONE_J" type="System.Object" value="PHONE_J" field="PHONE_J" selection="false" index="0" /&gt;&lt;/member&gt;&lt;member name="" source="" type="Agility.Sdk.Model.Variables.InputVariable" value="" field="" selection="false" index="0"&gt;&lt;member name="Id" source="inline" type="System.String" value="TITLE" field="" selection="false" index="0" /&gt;&lt;member name="Value" source="TITLE" type="System.Object" value="TITLE" field="TITLE" selection="false" index="0" /&gt;&lt;/member&gt;&lt;member name="" source="" type="Agility.Sdk.Model.Variables.InputVariable" value="" field="" selection="false" index="0"&gt;&lt;member name="Id" source="inline" type="System.String" value="TITLE_J" field="" selection="false" index="0" /&gt;&lt;member name="Value" source="TITLE_J" type="System.Object" value="TITLE_J" field="TITLE_J" selection="false" index="0" /&gt;&lt;/member&gt;&lt;member name="" source="" type="Agility.Sdk.Model.Variables.InputVariable" value="" field="" selection="false" index="0"&gt;&lt;member name="Id" source="inline" type="System.String" value="EMAIL" field="" selection="false" index="0" /&gt;&lt;member name="Value" source="EMAIL" type="System.Object" value="EMAIL" field="EMAIL" selection="false" index="0" /&gt;&lt;/member&gt;&lt;member name="" source="" type="Agility.Sdk.Model.Variables.InputVariable" value="" field="" selection="false" index="0"&gt;&lt;member name="Id" source="inline" type="System.String" value="EMAIL_J" field="" selection="false" index="0" /&gt;&lt;member name="Value" source="EMAIL_J" type="System.Object" value="EMAIL_J" field="EMAIL_J" selection="false" index="0" /&gt;&lt;/member&gt;&lt;member name="" source="" type="Agility.Sdk.Model.Variables.InputVariable" value="" field="" selection="false" index="0"&gt;&lt;member name="Id" source="inline" type="System.String" value="TOTALSIZE" field="" selection="false" index="0" /&gt;&lt;member name="Value" source="TOTALSIZE" type="System.Object" value="TOTALSIZE" field="TOTALSIZE" selection="false" index="0" /&gt;&lt;/member&gt;&lt;member name="" source="" type="Agility.Sdk.Model.Variables.InputVariable" value="" field="" selection="false" index="0"&gt;&lt;member name="Id" source="inline" type="System.String" value="TOTALSIZE_J" field="" selection="false" index="0" /&gt;&lt;member name="Value" source="TOTALSIZE_J" type="System.Object" value="TOTALSIZE_J" field="TOTALSIZE_J" selection="false" index="0" /&gt;&lt;/member&gt;&lt;/member&gt;&lt;member name="CalculationScriptCollection" source="" type="Agility.Sdk.Model.Calculations.CalculationScript[]" value="" field="" selection="false" index="0"&gt;&lt;member name="" source="" type="Agility.Sdk.Model.Calculations.CalculationScript" value="" field="" selection="false" index="0"&gt;&lt;member name="Script" source="inline" type="System.String" value="&amp;lt;?xml version=&amp;quot;1.0&amp;quot; encoding=&amp;quot;utf-16&amp;quot;?&amp;gt;&amp;lt;Rule xmlns:xsd=&amp;quot;http://www.w3.org/2001/XMLSchema&amp;quot; xmlns:xsi=&amp;quot;http://www.w3.org/2001/XMLSchema-instance&amp;quot;&amp;gt;&amp;lt;RuleInputs&amp;gt;&amp;lt;RuleInput&amp;gt;&amp;lt;Id&amp;gt;ID_J&amp;lt;/Id&amp;gt;&amp;lt;Scope&amp;gt;None&amp;lt;/Scope&amp;gt;&amp;lt;VariableType&amp;gt;JsonExpression&amp;lt;/VariableType&amp;gt;&amp;lt;/RuleInput&amp;gt;&amp;lt;/RuleInputs&amp;gt;&amp;lt;Script&amp;gt;¬ID_J¬ &amp;lt;/Script&amp;gt;&amp;lt;RuleType&amp;gt;Expression&amp;lt;/RuleType&amp;gt;&amp;lt;/Rule&amp;gt;" field="" selection="false" index="0" /&gt;&lt;member name="Description" source="inline" type="System.String" value="" field="" selection="false" index="0" /&gt;&lt;member name="TargetVariable" source="" type="Agility.Sdk.Model.Variables.OutputVariable" value="" field="" selection="false" index="0"&gt;&lt;member name="Id" source="inline" type="System.String" value="ID" field="" selection="false" index="0" /&gt;&lt;member name="Value" source="ID" type="System.Object" value="ID" field="ID" selection="false" index="0" /&gt;&lt;/member&gt;&lt;member name="UseBusinessCalendar" source="inline" type="System.Boolean" value="False" field="" selection="false" index="0" /&gt;&lt;/member&gt;&lt;member name="" source="" type="Agility.Sdk.Model.Calculations.CalculationScript" value="" field="" selection="false" index="0"&gt;&lt;member name="Script" source="inline" type="System.String" value="&amp;lt;?xml version=&amp;quot;1.0&amp;quot; encoding=&amp;quot;utf-16&amp;quot;?&amp;gt;&amp;lt;Rule xmlns:xsd=&amp;quot;http://www.w3.org/2001/XMLSchema&amp;quot; xmlns:xsi=&amp;quot;http://www.w3.org/2001/XMLSchema-instance&amp;quot;&amp;gt;&amp;lt;RuleInputs&amp;gt;&amp;lt;RuleInput&amp;gt;&amp;lt;Id&amp;gt;NAME_J&amp;lt;/Id&amp;gt;&amp;lt;Scope&amp;gt;None&amp;lt;/Scope&amp;gt;&amp;lt;VariableType&amp;gt;JsonExpression&amp;lt;/VariableType&amp;gt;&amp;lt;/RuleInput&amp;gt;&amp;lt;/RuleInputs&amp;gt;&amp;lt;Script&amp;gt;¬NAME_J¬&amp;lt;/Script&amp;gt;&amp;lt;RuleType&amp;gt;Expression&amp;lt;/RuleType&amp;gt;&amp;lt;/Rule&amp;gt;" field="" selection="false" index="0" /&gt;&lt;member name="Description" source="inline" type="System.String" value="" field="" selection="false" index="0" /&gt;&lt;member name="TargetVariable" source="" type="Agility.Sdk.Model.Variables.OutputVariable" value="" field="" selection="false" index="0"&gt;&lt;member name="Id" source="inline" type="System.String" value="NAME" field="" selection="false" index="0" /&gt;&lt;member name="Value" source="NAME" type="System.Object" value="NAME" field="NAME" selection="false" index="0" /&gt;&lt;/member&gt;&lt;member name="UseBusinessCalendar" source="inline" type="System.Boolean" value="False" field="" selection="false" index="0" /&gt;&lt;/member&gt;&lt;member name="" source="" type="Agility.Sdk.Model.Calculations.CalculationScript" value="" field="" selection="false" index="0"&gt;&lt;member name="Script" source="inline" type="System.String" value="&amp;lt;?xml version=&amp;quot;1.0&amp;quot; encoding=&amp;quot;utf-16&amp;quot;?&amp;gt;&amp;lt;Rule xmlns:xsd=&amp;quot;http://www.w3.org/2001/XMLSchema&amp;quot; xmlns:xsi=&amp;quot;http://www.w3.org/2001/XMLSchema-instance&amp;quot;&amp;gt;&amp;lt;RuleInputs&amp;gt;&amp;lt;RuleInput&amp;gt;&amp;lt;Id&amp;gt;PHONE_J&amp;lt;/Id&amp;gt;&amp;lt;Scope&amp;gt;None&amp;lt;/Scope&amp;gt;&amp;lt;VariableType&amp;gt;JsonExpression&amp;lt;/VariableType&amp;gt;&amp;lt;/RuleInput&amp;gt;&amp;lt;/RuleInputs&amp;gt;&amp;lt;Script&amp;gt;¬PHONE_J¬ &amp;lt;/Script&amp;gt;&amp;lt;RuleType&amp;gt;Expression&amp;lt;/RuleType&amp;gt;&amp;lt;/Rule&amp;gt;" field="" selection="false" index="0" /&gt;&lt;member name="Description" source="inline" type="System.String" value="" field="" selection="false" index="0" /&gt;&lt;member name="TargetVariable" source="" type="Agility.Sdk.Model.Variables.OutputVariable" value="" field="" selection="false" index="0"&gt;&lt;member name="Id" source="inline" type="System.String" value="PHONE" field="" selection="false" index="0" /&gt;&lt;member name="Value" source="PHONE" type="System.Object" value="PHONE" field="PHONE" selection="false" index="0" /&gt;&lt;/member&gt;&lt;member name="UseBusinessCalendar" source="inline" type="System.Boolean" value="False" field="" selection="false" index="0" /&gt;&lt;/member&gt;&lt;member name="" source="" type="Agility.Sdk.Model.Calculations.CalculationScript" value="" field="" selection="false" index="0"&gt;&lt;member name="Script" source="inline" type="System.String" value="&amp;lt;?xml version=&amp;quot;1.0&amp;quot; encoding=&amp;quot;utf-16&amp;quot;?&amp;gt;&amp;lt;Rule xmlns:xsd=&amp;quot;http://www.w3.org/2001/XMLSchema&amp;quot; xmlns:xsi=&amp;quot;http://www.w3.org/2001/XMLSchema-instance&amp;quot;&amp;gt;&amp;lt;RuleInputs&amp;gt;&amp;lt;RuleInput&amp;gt;&amp;lt;Id&amp;gt;TITLE_J&amp;lt;/Id&amp;gt;&amp;lt;Scope&amp;gt;None&amp;lt;/Scope&amp;gt;&amp;lt;VariableType&amp;gt;JsonExpression&amp;lt;/VariableType&amp;gt;&amp;lt;/RuleInput&amp;gt;&amp;lt;/RuleInputs&amp;gt;&amp;lt;Script&amp;gt;¬TITLE_J¬ &amp;lt;/Script&amp;gt;&amp;lt;RuleType&amp;gt;Expression&amp;lt;/RuleType&amp;gt;&amp;lt;/Rule&amp;gt;" field="" selection="false" index="0" /&gt;&lt;member name="Description" source="inline" type="System.String" value="" field="" selection="false" index="0" /&gt;&lt;member name="TargetVariable" source="" type="Agility.Sdk.Model.Variables.OutputVariable" value="" field="" selection="false" index="0"&gt;&lt;member name="Id" source="inline" type="System.String" value="TITLE" field="" selection="false" index="0" /&gt;&lt;member name="Value" source="TITLE" type="System.Object" value="TITLE" field="TITLE" selection="false" index="0" /&gt;&lt;/member&gt;&lt;member name="UseBusinessCalendar" source="inline" type="System.Boolean" value="False" field="" selection="false" index="0" /&gt;&lt;/member&gt;&lt;member name="" source="" type="Agility.Sdk.Model.Calculations.CalculationScript" value="" field="" selection="false" index="0"&gt;&lt;member name="Script" source="inline" type="System.String" value="&amp;lt;?xml version=&amp;quot;1.0&amp;quot; encoding=&amp;quot;utf-16&amp;quot;?&amp;gt;&amp;lt;Rule xmlns:xsd=&amp;quot;http://www.w3.org/2001/XMLSchema&amp;quot; xmlns:xsi=&amp;quot;http://www.w3.org/2001/XMLSchema-instance&amp;quot;&amp;gt;&amp;lt;RuleInputs&amp;gt;&amp;lt;RuleInput&amp;gt;&amp;lt;Id&amp;gt;EMAIL_J&amp;lt;/Id&amp;gt;&amp;lt;Scope&amp;gt;None&amp;lt;/Scope&amp;gt;&amp;lt;VariableType&amp;gt;JsonExpression&amp;lt;/VariableType&amp;gt;&amp;lt;/RuleInput&amp;gt;&amp;lt;/RuleInputs&amp;gt;&amp;lt;Script&amp;gt;¬EMAIL_J¬ &amp;lt;/Script&amp;gt;&amp;lt;RuleType&amp;gt;Expression&amp;lt;/RuleType&amp;gt;&amp;lt;/Rule&amp;gt;" field="" selection="false" index="0" /&gt;&lt;member name="Description" source="inline" type="System.String" value="" field="" selection="false" index="0" /&gt;&lt;member name="TargetVariable" source="" type="Agility.Sdk.Model.Variables.OutputVariable" value="" field="" selection="false" index="0"&gt;&lt;member name="Id" source="inline" type="System.String" value="EMAIL" field="" selection="false" index="0" /&gt;&lt;member name="Value" source="EMAIL" type="System.Object" value="EMAIL" field="EMAIL" selection="false" index="0" /&gt;&lt;/member&gt;&lt;member name="UseBusinessCalendar" source="inline" type="System.Boolean" value="False" field="" selection="false" index="0" /&gt;&lt;/member&gt;&lt;member name="" source="" type="Agility.Sdk.Model.Calculations.CalculationScript" value="" field="" selection="false" index="0"&gt;&lt;member name="Script" source="inline" type="System.String" value="&amp;lt;?xml version=&amp;quot;1.0&amp;quot; encoding=&amp;quot;utf-16&amp;quot;?&amp;gt;&amp;lt;Rule xmlns:xsd=&amp;quot;http://www.w3.org/2001/XMLSchema&amp;quot; xmlns:xsi=&amp;quot;http://www.w3.org/2001/XMLSchema-instance&amp;quot;&amp;gt;&amp;lt;RuleInputs&amp;gt;&amp;lt;RuleInput&amp;gt;&amp;lt;Id&amp;gt;TOTALSIZE_J&amp;lt;/Id&amp;gt;&amp;lt;Scope&amp;gt;None&amp;lt;/Scope&amp;gt;&amp;lt;VariableType&amp;gt;JsonExpression&amp;lt;/VariableType&amp;gt;&amp;lt;/RuleInput&amp;gt;&amp;lt;/RuleInputs&amp;gt;&amp;lt;Script&amp;gt;¬TOTALSIZE_J¬ &amp;lt;/Script&amp;gt;&amp;lt;RuleType&amp;gt;Expression&amp;lt;/RuleType&amp;gt;&amp;lt;/Rule&amp;gt;" field="" selection="false" index="0" /&gt;&lt;member name="Description" source="inline" type="System.String" value="" field="" selection="false" index="0" /&gt;&lt;member name="TargetVariable" source="" type="Agility.Sdk.Model.Variables.OutputVariable" value="" field="" selection="false" index="0"&gt;&lt;member name="Id" source="inline" type="System.String" value="TOTALSIZE" field="" selection="false" index="0" /&gt;&lt;member name="Value" source="TOTALSIZE" type="System.Object" value="TOTALSIZE" field="TOTALSIZE" selection="false" index="0" /&gt;&lt;/member&gt;&lt;member name="UseBusinessCalendar" source="inline" type="System.Boolean" value="False" field="" selection="false" index="0" /&gt;&lt;/member&gt;&lt;/member&gt;&lt;/param&gt;&lt;param direction="ret" source="" field="" datatype="Agility.Sdk.Model.Variables.OutputVariable[]" value="" name="Return Parameter" selection="false"&gt;&lt;member name="" source="" type="Agility.Sdk.Model.Variables.OutputVariable" value="" field="" selection="false" index="0"&gt;&lt;member name="Id" source="inline" type="System.String" value="ID" field="" selection="false" index="0" /&gt;&lt;member name="Value" source="ID" type="System.Object" value="ID" field="ID" selection="false" index="0" /&gt;&lt;/member&gt;&lt;member name="" source="" type="Agility.Sdk.Model.Variables.OutputVariable" value="" field="" selection="false" index="0"&gt;&lt;member name="Id" source="inline" type="System.String" value="NAME" field="" selection="false" index="0" /&gt;&lt;member name="Value" source="NAME" type="System.Object" value="NAME" field="NAME" selection="false" index="0" /&gt;&lt;/member&gt;&lt;member name="" source="" type="Agility.Sdk.Model.Variables.OutputVariable" value="" field="" selection="false" index="0"&gt;&lt;member name="Id" source="inline" type="System.String" value="PHONE" field="" selection="false" index="0" /&gt;&lt;member name="Value" source="PHONE" type="System.Object" value="PHONE" field="PHONE" selection="false" index="0" /&gt;&lt;/member&gt;&lt;member name="" source="" type="Agility.Sdk.Model.Variables.OutputVariable" value="" field="" selection="false" index="0"&gt;&lt;member name="Id" source="inline" type="System.String" value="TITLE" field="" selection="false" index="0" /&gt;&lt;member name="Value" source="TITLE" type="System.Object" value="TITLE" field="TITLE" selection="false" index="0" /&gt;&lt;/member&gt;&lt;member name="" source="" type="Agility.Sdk.Model.Variables.OutputVariable" value="" field="" selection="false" index="0"&gt;&lt;member name="Id" source="inline" type="System.String" value="EMAIL" field="" selection="false" index="0" /&gt;&lt;member name="Value" source="EMAIL" type="System.Object" value="EMAIL" field="EMAIL" selection="false" index="0" /&gt;&lt;/member&gt;&lt;member name="" source="" type="Agility.Sdk.Model.Variables.OutputVariable" value="" field="" selection="false" index="0"&gt;&lt;member name="Id" source="inline" type="System.String" value="TOTALSIZE" field="" selection="false" index="0" /&gt;&lt;member name="Value" source="TOTALSIZE" type="System.Object" value="TOTALSIZE" field="TOTALSIZE" selection="false" index="0" /&gt;&lt;/member&gt;&lt;/param&gt;&lt;/parameters&gt;</paramsmappingxmltag></dotnetactivity></dotnet><webservice /><activityinfo><useadvworkflowrules>0</useadvworkflowrules><seqactivityassignment>0</seqactivityassignment><concuractivityaccess>0</concuractivityaccess><noofusableresourcesreq>0</noofusableresourcesreq><exitcondition /><expandgroups>0</expandgroups><noofusableresourcesreqvarid /></activityinfo><categoryid>DD0790857A6F4168A846C164E185B462</categoryid><poolid>0</poolid><activityruntimesettings>0</activityruntimesettings><activityragamberthreshold>0</activityragamberthreshold><activityragredthreshold>0</activityragredthreshold><activityragblackthreshold>0</activityragblackthreshold><activityragpurplethreshold>0</activityragpurplethreshold><form /><xmldata /><dataaccess /><getresourceinfo /><jobvariableinfo /><baminfo /><bpescalations /><preconditionslist /><preconditiontext></preconditiontext><startmethod>Method1</startmethod><classnamespace>MyNamespace.Class1</classnamespace><resetlimit>-1</resetlimit><activitytimedoutaction>0</activitytimedoutaction><suspendreasontext></suspendreasontext><suspendreasonvarid></suspendreasonvarid></activitydata></node><node><nodetype>6</nodetype><nodedata><processid>C052738019F231A67A469E42420B57F3</processid><version>6.000000</version><nodeid>6</nodeid><isstartnode>0</isstartnode><nodetype>6</nodetype><designtimetype>0</designtimetype><activationprobability>100</activationprobability><embeddedname></embeddedname><state /><statescope>0</statescope><activitymilestone /><activitymilestonescope>0</activitymilestonescope><activitypendmilestone></activitypendmilestone><activitypendmilestonescope>0</activitypendmilestonescope><activitydonemilestone></activitydonemilestone><activitydonemilestonescope>0</activitydonemilestonescope><nodependevent /><nodependeventscope>0</nodependeventscope><nodedoneevent /><nodedoneeventscope>0</nodedoneeventscope><titleposno>5</titleposno><embeddedproccount>0</embeddedproccount><iscustomnode>0</iscustomnode><designtimesettings>&lt;designtimesettings&gt;&lt;xposition&gt;835&lt;/xposition&gt;&lt;yposition&gt;302.800018310547&lt;/yposition&gt;&lt;width&gt;30&lt;/width&gt;&lt;height&gt;30&lt;/height&gt;&lt;inheritcolorfromsystem&gt;True&lt;/inheritcolorfromsystem&gt;&lt;colour&gt;#FF9B0000&lt;/colour&gt;&lt;eventtype&gt;Default&lt;/eventtype&gt;&lt;name&gt;End&lt;/name&gt;&lt;textposition&gt;Top&lt;/textposition&gt;&lt;conditionpathdescription /&gt;&lt;lane&gt;&lt;name /&gt;&lt;index&gt;0&lt;/index&gt;&lt;poolid /&gt;&lt;height&gt;0&lt;/height&gt;&lt;/lane&gt;&lt;annotations /&gt;&lt;attachments /&gt;&lt;/designtimesettings&gt;</designtimesettings><attachments></attachments><annotations></annotations><dependants /><destinationnodes /><originnodes><originnode><nodeid>5</nodeid><nodetype>6</nodetype></originnode></originnodes><branchingrules /><runtimesettings>0</runtimesettings></nodedata></node></nodelist><documentprocessrulecollection /></processmap></processmaps>