<?xml version="1.0" encoding="utf-16"?><SpaPackageImportExportData xmlns:xsd="http://www.w3.org/2001/XMLSchema" xmlns:xsi="http://www.w3.org/2001/XMLSchema-instance" dbversion="7.10"><PackageSummary><SpaPackageIdentity><Id>799025C5ED37478288AEE98E3CD192DB</Id><Name>Salesforce Connector</Name><Version>3</Version></SpaPackageIdentity><Description /><CategoryIdentity><Id>DD0790857A6F4168A846C164E185B462</Id><AutomaticallyPopulate>true</AutomaticallyPopulate><Name>Salesforce Connector</Name></CategoryIdentity><LastModifiedDateTime>2022-11-30T19:30:01.743</LastModifiedDateTime><LastModifiedResource><Id>4EFFC98F46854ABFA36177A564100FD0</Id><AutomaticallyPopulate>true</AutomaticallyPopulate><Name>Adam Sawyers</Name><ResourceType>Worker</ResourceType><EmailAddress /><UserId /><ManagerialLevel>0</ManagerialLevel></LastModifiedResource><Comments /><ResourceAccessTokens><ResourceAccess><ResourceIdentity><Id>7DF43CCDF24611D2804B00104B71BD15</Id><AutomaticallyPopulate>true</AutomaticallyPopulate><Name>Everyone</Name><ResourceType>GroupOfWorkers</ResourceType><EmailAddress /><UserId /><ManagerialLevel>0</ManagerialLevel></ResourceIdentity><AccessType>MaintenanceAccess</AccessType><PermissionType>FullControl</PermissionType></ResourceAccess></ResourceAccessTokens><PermissionType>FullControl</PermissionType><SourceControlStatus>NotInSourceControl</SourceControlStatus></PackageSummary><Processes><ImportExportPackageSummaryOfProcessIdentity><Identity><Id>64B59C827EEFE3726FFF26578FE5D78F</Id><AutomaticallyPopulate>true</AutomaticallyPopulate><Version>10</Version><Name>Add Case Form to Salesforce</Name></Identity><LastModifiedBy><Id>4EFFC98F46854ABFA36177A564100FD0</Id><AutomaticallyPopulate>true</AutomaticallyPopulate><ResourceType>Worker</ResourceType><EmailAddress /><UserId /><ManagerialLevel>0</ManagerialLevel></LastModifiedBy><LastModified>2022-11-30T16:50:22.843</LastModified></ImportExportPackageSummaryOfProcessIdentity><ImportExportPackageSummaryOfProcessIdentity><Identity><Id>9ED272B1A5584582BE10F9990E3A7E6B</Id><AutomaticallyPopulate>true</AutomaticallyPopulate><Version>2</Version><Name>Add Order To SF</Name></Identity><LastModifiedBy><Id>66D205A297C648689F4F308BB92B0C15</Id><AutomaticallyPopulate>true</AutomaticallyPopulate><ResourceType>Worker</ResourceType><EmailAddress /><UserId /><ManagerialLevel>0</ManagerialLevel></LastModifiedBy><LastModified>2022-11-24T06:26:50.393</LastModified></ImportExportPackageSummaryOfProcessIdentity><ImportExportPackageSummaryOfProcessIdentity><Identity><Id>AB173FAF1883B4FD3BCA69AE870AAF52</Id><AutomaticallyPopulate>true</AutomaticallyPopulate><Version>4</Version><Name>Scan Doc Add Order Salesforce</Name></Identity><LastModifiedBy><Id>02A6D0944F124B66831034BFA9008B83</Id><AutomaticallyPopulate>true</AutomaticallyPopulate><ResourceType>Worker</ResourceType><EmailAddress /><UserId /><ManagerialLevel>0</ManagerialLevel></LastModifiedBy><LastModified>2021-06-03T08:43:49</LastModified></ImportExportPackageSummaryOfProcessIdentity><ImportExportPackageSummaryOfProcessIdentity><Identity><Id>AC797ED64DCC830DDF1B9CDDCF1A09F6</Id><AutomaticallyPopulate>true</AutomaticallyPopulate><Version>6</Version><Name>OLD Add Order Service</Name></Identity><LastModifiedBy><Id>66D205A297C648689F4F308BB92B0C15</Id><AutomaticallyPopulate>true</AutomaticallyPopulate><ResourceType>Worker</ResourceType><EmailAddress /><UserId /><ManagerialLevel>0</ManagerialLevel></LastModifiedBy><LastModified>2022-11-24T06:15:40.393</LastModified></ImportExportPackageSummaryOfProcessIdentity></Processes><ProcessExportOption><ExportResources>false</ExportResources><ExportGroupResourceMembers>false</ExportGroupResourceMembers><ExportResourcesExtensions>false</ExportResourcesExtensions><ExportCategories>false</ExportCategories><WithCategoryParentage>false</WithCategoryParentage><GeneralizedExport>false</GeneralizedExport><ExportDotNetReferencesWithPath>true</ExportDotNetReferencesWithPath><ExportCaseFragments>false</ExportCaseFragments><ExportTemplateSkins>false</ExportTemplateSkins><ExportExtractionClassificationData>true</ExportExtractionClassificationData><ExportGlobalDataModels>false</ExportGlobalDataModels><ExportProcessDataModels>false</ExportProcessDataModels><ExportType>CombineAssociatedMaps</ExportType><Version>0</Version><ExportServerVariables>true</ExportServerVariables><PreloadScript>1</PreloadScript><SleepDuration>0</SleepDuration><CategoryIds /><ProcessDocument>false</ProcessDocument><ProcessViewer>false</ProcessViewer><DotNetActivityType>0</DotNetActivityType><Projects /><AllProcessVariables /><ExportOnlyDocumentGroupIdentityDetails>false</ExportOnlyDocumentGroupIdentityDetails><SiteDetailsRequired>false</SiteDetailsRequired><CmisSiteDetailsRequired>false</CmisSiteDetailsRequired><Assets /><PerceptiveSiteDetailsRequired>false</PerceptiveSiteDetailsRequired><IncludeExportConnectorMappings>false</IncludeExportConnectorMappings><IsSpaExport>false</IsSpaExport><ProcessType>BusinessProcess</ProcessType><ProtectedItems /><ExportPageRenditions>false</ExportPageRenditions><ExportReportingTags>false</ExportReportingTags><ExportTestPlans>false</ExportTestPlans><IncludeProcessAssociationsInPackage>false</IncludeProcessAssociationsInPackage><IsGitExport>false</IsGitExport><ExcludeCaptureProjectTrainingSets>false</ExcludeCaptureProjectTrainingSets></ProcessExportOption><WorkAllocationRules /><Skins /><BusinessRules /><CustomServices><ImportExportPackageSummaryOfCustomServiceIdentity><Identity><Id>8C42F2E64D6D4518BD71CA6DA522CA6E</Id><Name>Case Salesforce Service</Name><Version>5</Version><Group><Id>6D6EB0174DD24EBC898D0278045A96E1</Id><Name>Salesforce Connector Service Group</Name></Group></Identity><LastModifiedBy><Id>4EFFC98F46854ABFA36177A564100FD0</Id><AutomaticallyPopulate>true</AutomaticallyPopulate><ResourceType>Worker</ResourceType><EmailAddress /><UserId /><ManagerialLevel>0</ManagerialLevel></LastModifiedBy><LastModified>2022-11-30T17:54:32.68</LastModified></ImportExportPackageSummaryOfCustomServiceIdentity><ImportExportPackageSummaryOfCustomServiceIdentity><Identity><Id>BD64389BABF64BBBB01A1E4C249097BE</Id><Name>KTA Document to Base64 String</Name><Version>10</Version><Group><Id>D9503B69A29248869A26876428E97745</Id><Name>Azure Storage</Name></Group></Identity><LastModifiedBy><Id>141A6188A6D8410DB106E9F281D15A64</Id><AutomaticallyPopulate>true</AutomaticallyPopulate><ResourceType>Worker</ResourceType><EmailAddress /><UserId /><ManagerialLevel>0</ManagerialLevel></LastModifiedBy><LastModified>2022-11-23T08:59:30.693</LastModified></ImportExportPackageSummaryOfCustomServiceIdentity><ImportExportPackageSummaryOfCustomServiceIdentity><Identity><Id>C052738019F231A67A469E42420B57F3</Id><Name>SalesForce Contacts Search</Name><Version>6</Version><Group><Id>6D6EB0174DD24EBC898D0278045A96E1</Id><Name>Salesforce Connector Service Group</Name></Group></Identity><LastModifiedBy><Id>66D205A297C648689F4F308BB92B0C15</Id><AutomaticallyPopulate>true</AutomaticallyPopulate><ResourceType>Worker</ResourceType><EmailAddress /><UserId /><ManagerialLevel>0</ManagerialLevel></LastModifiedBy><LastModified>2022-01-28T10:13:40.883</LastModified></ImportExportPackageSummaryOfCustomServiceIdentity><ImportExportPackageSummaryOfCustomServiceIdentity><Identity><Id>F3A985D9BE451F49B0C2E28CBD42988B</Id><Name>OLD Salesforce Add Order Custom Service</Name><Version>4</Version><Group><Id>6D6EB0174DD24EBC898D0278045A96E1</Id><Name>Salesforce Connector Service Group</Name></Group></Identity><LastModifiedBy><Id>66D205A297C648689F4F308BB92B0C15</Id><AutomaticallyPopulate>true</AutomaticallyPopulate><ResourceType>Worker</ResourceType><EmailAddress /><UserId /><ManagerialLevel>0</ManagerialLevel></LastModifiedBy><LastModified>2022-11-24T06:00:25.323</LastModified></ImportExportPackageSummaryOfCustomServiceIdentity></CustomServices><CustomServiceGroups><ImportExportPackageSummaryOfCustomServiceGroupIdentity><Identity><Id>6D6EB0174DD24EBC898D0278045A96E1</Id><Name>Salesforce Connector Service Group</Name></Identity><LastModifiedBy><Id>4EFFC98F46854ABFA36177A564100FD0</Id><AutomaticallyPopulate>true</AutomaticallyPopulate><ResourceType>Worker</ResourceType><EmailAddress /><UserId /><ManagerialLevel>0</ManagerialLevel></LastModifiedBy><LastModified>2021-08-25T18:09:51.377</LastModified></ImportExportPackageSummaryOfCustomServiceGroupIdentity></CustomServiceGroups><Assets /><Forms><ImportExportPackageSummaryOfFormIdentity><Identity><Id>2CDC9DAB7EE1491DAEEC40C414A69947</Id><AutomaticallyPopulate>false</AutomaticallyPopulate><Name>Add Order To SFCNJ</Name><Version>5</Version></Identity><LastModifiedBy><Id>66D205A297C648689F4F308BB92B0C15</Id><AutomaticallyPopulate>false</AutomaticallyPopulate><ResourceType>Worker</ResourceType><EmailAddress /><UserId /><ManagerialLevel>0</ManagerialLevel></LastModifiedBy><LastModified>2022-11-24T07:04:46.547</LastModified></ImportExportPackageSummaryOfFormIdentity><ImportExportPackageSummaryOfFormIdentity><Identity><Id>5192865C95E842DB9B5E89569F39D41E</Id><AutomaticallyPopulate>false</AutomaticallyPopulate><Name>OLD Add Order ServiceFinalize Data</Name><Version>2</Version></Identity><LastModifiedBy><Id>66D205A297C648689F4F308BB92B0C15</Id><AutomaticallyPopulate>false</AutomaticallyPopulate><ResourceType>Worker</ResourceType><EmailAddress /><UserId /><ManagerialLevel>0</ManagerialLevel></LastModifiedBy><LastModified>2022-11-24T06:13:30.47</LastModified></ImportExportPackageSummaryOfFormIdentity><ImportExportPackageSummaryOfFormIdentity><Identity><Id>8D4085D5115A4794AA3C2F55EC69DBC4</Id><AutomaticallyPopulate>false</AutomaticallyPopulate><Name>OLD Add Order ServiceShow Added Order</Name><Version>1</Version></Identity><LastModifiedBy><Id>66D205A297C648689F4F308BB92B0C15</Id><AutomaticallyPopulate>false</AutomaticallyPopulate><ResourceType>Worker</ResourceType><EmailAddress /><UserId /><ManagerialLevel>0</ManagerialLevel></LastModifiedBy><LastModified>2022-11-24T06:06:36.243</LastModified></ImportExportPackageSummaryOfFormIdentity><ImportExportPackageSummaryOfFormIdentity><Identity><Id>AD96B4AE4220441F913124EC0D05CDF2</Id><AutomaticallyPopulate>false</AutomaticallyPopulate><Name>Case_Form_to_Salesforce_Validate_Case_Data</Name><Version>1</Version></Identity><LastModifiedBy><Id>4EFFC98F46854ABFA36177A564100FD0</Id><AutomaticallyPopulate>false</AutomaticallyPopulate><ResourceType>Worker</ResourceType><EmailAddress /><UserId /><ManagerialLevel>0</ManagerialLevel></LastModifiedBy><LastModified>2021-11-04T15:27:14.237</LastModified></ImportExportPackageSummaryOfFormIdentity><ImportExportPackageSummaryOfFormIdentity><Identity><Id>B5CB04EAAFF244CD8247D7E8ECA27E75</Id><AutomaticallyPopulate>false</AutomaticallyPopulate><Name>Case_Form_to_Salesforce_Scan</Name><Version>1</Version></Identity><LastModifiedBy><Id>4EFFC98F46854ABFA36177A564100FD0</Id><AutomaticallyPopulate>false</AutomaticallyPopulate><ResourceType>Worker</ResourceType><EmailAddress /><UserId /><ManagerialLevel>0</ManagerialLevel></LastModifiedBy><LastModified>2021-11-03T19:56:46.283</LastModified></ImportExportPackageSummaryOfFormIdentity><ImportExportPackageSummaryOfFormIdentity><Identity><Id>CB41BBA8BE6F45EB91B3325E18937FCB</Id><AutomaticallyPopulate>false</AutomaticallyPopulate><Name>Add Order To SFShow Added Order</Name><Version>1</Version></Identity><LastModifiedBy><Id>66D205A297C648689F4F308BB92B0C15</Id><AutomaticallyPopulate>false</AutomaticallyPopulate><ResourceType>Worker</ResourceType><EmailAddress /><UserId /><ManagerialLevel>0</ManagerialLevel></LastModifiedBy><LastModified>2022-11-24T06:26:50.3</LastModified></ImportExportPackageSummaryOfFormIdentity></Forms><FormExportOptions><ExportHeader>false</ExportHeader><ExportNavigation>false</ExportNavigation><ExportGlobalVariables>true</ExportGlobalVariables><ExportWebServices>false</ExportWebServices><ExportBusinessRules>false</ExportBusinessRules><ExportSecurityTokens>false</ExportSecurityTokens><ExportSecurityRoles>false</ExportSecurityRoles><ExportRoleMembers>false</ExportRoleMembers><IsSpaExport>false</IsSpaExport></FormExportOptions><Navigations /><DeviceSettings /><Sites /><Themes /><Languages /><Lookups /><Resources /><Entities /><WorkTypes /><Checklists /><Folders /><ExtractionGroups><ImportExportPackageSummaryOfDocumentGroupIdentity><Identity><Id>CF8C44F7EBD537322E859F897B5A731D</Id><AutomaticallyPopulate>true</AutomaticallyPopulate><Version>7</Version><Name>My Case Form</Name></Identity><LastModifiedBy><Id>4EFFC98F46854ABFA36177A564100FD0</Id><AutomaticallyPopulate>true</AutomaticallyPopulate><ResourceType>Worker</ResourceType><EmailAddress /><UserId /><ManagerialLevel>0</ManagerialLevel></LastModifiedBy><LastModified>2021-11-04T15:32:59.95</LastModified></ImportExportPackageSummaryOfDocumentGroupIdentity><ImportExportPackageSummaryOfDocumentGroupIdentity><Identity><Id>3CC8EEE043EE437DA29839C6D9761C20</Id><AutomaticallyPopulate>true</AutomaticallyPopulate><Version>35</Version><Name>Capture Starter Pack</Name></Identity><LastModifiedBy><Id>02A6D0944F124B66831034BFA9008B83</Id><AutomaticallyPopulate>true</AutomaticallyPopulate><ResourceType>Worker</ResourceType><EmailAddress /><UserId /><ManagerialLevel>0</ManagerialLevel></LastModifiedBy><LastModified>2021-05-18T09:52:37</LastModified></ImportExportPackageSummaryOfDocumentGroupIdentity></ExtractionGroups><ClassificationGroups><ImportExportPackageSummaryOfClassificationGroupIdentity><Identity><Id>B1A990809DF941868A9D46D8C750BCFC</Id><AutomaticallyPopulate>true</AutomaticallyPopulate><Version>11</Version><Name>SFDC Case Form Classification Group</Name></Identity><LastModifiedBy><Id>4EFFC98F46854ABFA36177A564100FD0</Id><AutomaticallyPopulate>true</AutomaticallyPopulate><ResourceType>Worker</ResourceType><EmailAddress /><UserId /><ManagerialLevel>0</ManagerialLevel></LastModifiedBy><LastModified>2021-11-04T15:33:00.123</LastModified></ImportExportPackageSummaryOfClassificationGroupIdentity><ImportExportPackageSummaryOfClassificationGroupIdentity><Identity><Id>F90A1A6D709040E9BC02C15D93EE59F9</Id><AutomaticallyPopulate>true</AutomaticallyPopulate><Version>32</Version><Name>Capture Starter Pack</Name></Identity><LastModifiedBy><Id>02A6D0944F124B66831034BFA9008B83</Id><AutomaticallyPopulate>true</AutomaticallyPopulate><ResourceType>Worker</ResourceType><EmailAddress /><UserId /><ManagerialLevel>0</ManagerialLevel></LastModifiedBy><LastModified>2021-05-18T09:52:37</LastModified></ImportExportPackageSummaryOfClassificationGroupIdentity></ClassificationGroups><Formatters><ImportExportPackageSummaryOfFormatterIdentity><Identity><Id>43DA70A343AA771B01EFA7D95EC808DF</Id><Name>Date Formatter</Name></Identity><LastModifiedBy><Id>71136BBC284B4B179EE667E5EF9121C0</Id><AutomaticallyPopulate>true</AutomaticallyPopulate><ResourceType>Worker</ResourceType><EmailAddress /><UserId /><ManagerialLevel>0</ManagerialLevel></LastModifiedBy><LastModified>2019-04-04T14:25:27.32</LastModified></ImportExportPackageSummaryOfFormatterIdentity><ImportExportPackageSummaryOfFormatterIdentity><Identity><Id>CE88BED48B0F4E8BB4513D5A5B72946F</Id><Name>Default Date FormatterJTC</Name></Identity><LastModifiedBy><Id>AB6ABCE0002F43519FA7C9C615DFDCE7</Id><AutomaticallyPopulate>true</AutomaticallyPopulate><ResourceType>Worker</ResourceType><EmailAddress /><UserId /><ManagerialLevel>0</ManagerialLevel></LastModifiedBy><LastModified>2022-08-16T16:20:49.843</LastModified></ImportExportPackageSummaryOfFormatterIdentity></Formatters><FieldValidators /><ChecklistItems /><Events /><Targets /><Alerts /><AlertExportOption><ExportAssociatedProcess>false</ExportAssociatedProcess></AlertExportOption><Categories><ImportExportPackageSummaryOfCategoryIdentity><Identity><Id>037B145DB7264421B23865043C0F1093</Id><AutomaticallyPopulate>true</AutomaticallyPopulate><Name>Azure Storage</Name></Identity><LastModifiedBy><Id>2C90EEF0FEC5474AA18CFC3B931EDF1B</Id><AutomaticallyPopulate>true</AutomaticallyPopulate><ResourceType>Worker</ResourceType><EmailAddress /><UserId /><ManagerialLevel>0</ManagerialLevel></LastModifiedBy><LastModified>2021-10-01T11:49:11.373</LastModified></ImportExportPackageSummaryOfCategoryIdentity><ImportExportPackageSummaryOfCategoryIdentity><Identity><Id>14729D70BA0146168A281FCF21B9EC23</Id><AutomaticallyPopulate>true</AutomaticallyPopulate><Name>Integration - Custom Services</Name></Identity><LastModifiedBy><Id>CB2FDFD596884969A501BF8F3E23DA63</Id><AutomaticallyPopulate>true</AutomaticallyPopulate><ResourceType>Worker</ResourceType><EmailAddress /><UserId /><ManagerialLevel>0</ManagerialLevel></LastModifiedBy><LastModified>2022-09-07T08:30:59.32</LastModified></ImportExportPackageSummaryOfCategoryIdentity><ImportExportPackageSummaryOfCategoryIdentity><Identity><Id>93AB955FF7EE48B0A8B9D01D1BC6C513</Id><AutomaticallyPopulate>true</AutomaticallyPopulate><Name>Integration Demonstrations</Name></Identity><LastModifiedBy><Id>FCD9C3F7F6B94BE489D9087B2F809696</Id><AutomaticallyPopulate>true</AutomaticallyPopulate><ResourceType>Worker</ResourceType><EmailAddress /><UserId /><ManagerialLevel>0</ManagerialLevel></LastModifiedBy><LastModified>2022-09-07T08:30:38.54</LastModified></ImportExportPackageSummaryOfCategoryIdentity><ImportExportPackageSummaryOfCategoryIdentity><Identity><Id>A188F7BC7A2547558008BA46AD357A46</Id><AutomaticallyPopulate>true</AutomaticallyPopulate><Name>Microsoft Azure</Name></Identity><LastModifiedBy><Id>141A6188A6D8410DB106E9F281D15A64</Id><AutomaticallyPopulate>true</AutomaticallyPopulate><ResourceType>Worker</ResourceType><EmailAddress /><UserId /><ManagerialLevel>0</ManagerialLevel></LastModifiedBy><LastModified>2022-02-09T00:42:33.59</LastModified></ImportExportPackageSummaryOfCategoryIdentity><ImportExportPackageSummaryOfCategoryIdentity><Identity><Id>DD0790857A6F4168A846C164E185B462</Id><AutomaticallyPopulate>true</AutomaticallyPopulate><Name>Salesforce Connector</Name></Identity><LastModifiedBy><Id>4EFFC98F46854ABFA36177A564100FD0</Id><AutomaticallyPopulate>true</AutomaticallyPopulate><ResourceType>Worker</ResourceType><EmailAddress /><UserId /><ManagerialLevel>0</ManagerialLevel></LastModifiedBy><LastModified>2021-10-01T11:50:58.143</LastModified></ImportExportPackageSummaryOfCategoryIdentity></Categories><ScanVrsProfiles /><SeparationProfiles /><PdfGenerationProfiles /><DocConversionProfiles><ImportExportPackageSummaryOfDocumentConversionProfileIdentity><Identity><Id>E826C77ED5E21F230025E54334769D0A</Id><Name>Salesforce Doc Conversion</Name></Identity><LastModifiedBy><Id /><AutomaticallyPopulate>true</AutomaticallyPopulate><ResourceType>Worker</ResourceType><EmailAddress /><UserId /><ManagerialLevel>0</ManagerialLevel></LastModifiedBy><LastModified>0001-01-01T00:00:00</LastModified></ImportExportPackageSummaryOfDocumentConversionProfileIdentity></DocConversionProfiles><JobSchedules /><CaptureControlLayouts /><RegularExpressions /><Personas /><ServerVariables /><ServerVariablesCollection><ImportExportPackageSummaryOfVariable><Identity><VariableType>System</VariableType><Value xsi:type="xsd:string" /><Identity><Id>SPP_SYSTEM_SESSION_ID</Id><Version>0</Version><DisplayName>SPP_SYSTEM_SESSION_ID</DisplayName></Identity><Dynamic>true</Dynamic><Category><Id>FBCB88103B4D414FAE8E38058F46CCF4</Id><AutomaticallyPopulate>true</AutomaticallyPopulate><Name /></Category><Grouping><Identity><Id>4FEE4E069417475DAC5D2C2E5C95CA49</Id></Identity><Variables /></Grouping><UseInSkin>false</UseInSkin><Found>false</Found><IsSecure>false</IsSecure><VariableScope>Process</VariableScope><IsDateExpression>false</IsDateExpression><ErrorCodeMappingType>Static</ErrorCodeMappingType><VariableDisplayProperties><VariableIdentity><Version>0</Version></VariableIdentity><StringVariableDisplayProperties><VariableControlType>Singleline</VariableControlType><MaxNumberOfCharacters>0</MaxNumberOfCharacters><LookupIdentity /><StaticData /><Mandatory>false</Mandatory></StringVariableDisplayProperties><MinDate xsi:nil="true" /><MaxDate xsi:nil="true" /><DecimalPrecision>0</DecimalPrecision></VariableDisplayProperties></Identity><LastModifiedBy><Id /><AutomaticallyPopulate>true</AutomaticallyPopulate><ResourceType>Worker</ResourceType><EmailAddress /><UserId /><ManagerialLevel>0</ManagerialLevel></LastModifiedBy><LastModified>0001-01-01T00:00:00</LastModified></ImportExportPackageSummaryOfVariable><ImportExportPackageSummaryOfVariable><Identity><VariableType>String</VariableType><Value xsi:type="xsd:string">https://orgebf85c25.crm.dynamics.com</Value><Identity><Id>INSTANCEURL</Id><Version>0</Version><DisplayName>instanceUrl</DisplayName></Identity><Dynamic>false</Dynamic><Category><Id>E5EC21D22FE44AD0A037EF502836D380</Id><AutomaticallyPopulate>true</AutomaticallyPopulate><Name /></Category><Grouping><Identity><Id>4FEE4E069417475DAC5D2C2E5C95CA49</Id></Identity><Variables /></Grouping><UseInSkin>false</UseInSkin><Found>false</Found><IsSecure>false</IsSecure><VariableScope>Process</VariableScope><IsDateExpression>false</IsDateExpression><ErrorCodeMappingType>Static</ErrorCodeMappingType><VariableDisplayProperties><VariableIdentity><Version>0</Version></VariableIdentity><StringVariableDisplayProperties><VariableControlType>Singleline</VariableControlType><MaxNumberOfCharacters>0</MaxNumberOfCharacters><LookupIdentity /><StaticData /><Mandatory>false</Mandatory></StringVariableDisplayProperties><MinDate xsi:nil="true" /><MaxDate xsi:nil="true" /><DecimalPrecision>0</DecimalPrecision></VariableDisplayProperties></Identity><LastModifiedBy><Id /><AutomaticallyPopulate>true</AutomaticallyPopulate><ResourceType>Worker</ResourceType><EmailAddress /><UserId /><ManagerialLevel>0</ManagerialLevel></LastModifiedBy><LastModified>0001-01-01T00:00:00</LastModified></ImportExportPackageSummaryOfVariable><ImportExportPackageSummaryOfVariable><Identity><VariableType>String</VariableType><Value xsi:type="xsd:string">3MVG9Nk1FpUrSQHd6HOW6WiNA_KSUd3SQXlx_qV_2c7mKygbdtMyegIUohc_OdBsWy6O3DTIVQoK9M49h9Ah9</Value><Identity><Id>SFCLIENTID</Id><Version>0</Version><DisplayName>sfClientId</DisplayName></Identity><Dynamic>false</Dynamic><Category><Id>DD0790857A6F4168A846C164E185B462</Id><AutomaticallyPopulate>true</AutomaticallyPopulate><Name /></Category><Grouping><Identity><Id>4FEE4E069417475DAC5D2C2E5C95CA49</Id></Identity><Variables /></Grouping><UseInSkin>false</UseInSkin><Found>false</Found><IsSecure>false</IsSecure><VariableScope>Process</VariableScope><IsDateExpression>false</IsDateExpression><ErrorCodeMappingType>Static</ErrorCodeMappingType><VariableDisplayProperties><VariableIdentity><Version>0</Version></VariableIdentity><StringVariableDisplayProperties><VariableControlType>Singleline</VariableControlType><MaxNumberOfCharacters>0</MaxNumberOfCharacters><LookupIdentity /><StaticData /><Mandatory>false</Mandatory></StringVariableDisplayProperties><MinDate xsi:nil="true" /><MaxDate xsi:nil="true" /><DecimalPrecision>0</DecimalPrecision></VariableDisplayProperties></Identity><LastModifiedBy><Id /><AutomaticallyPopulate>true</AutomaticallyPopulate><ResourceType>Worker</ResourceType><EmailAddress /><UserId /><ManagerialLevel>0</ManagerialLevel></LastModifiedBy><LastModified>0001-01-01T00:00:00</LastModified></ImportExportPackageSummaryOfVariable><ImportExportPackageSummaryOfVariable><Identity><VariableType>String</VariableType><Value xsi:type="xsd:string">C38C29A240EC5826B2C8EBFE2131F9DF54C01FD83D5C58C761CAD46330C2805C</Value><Identity><Id>SFCLIENTSECRET</Id><Version>0</Version><DisplayName>sfClientSecret</DisplayName></Identity><Dynamic>false</Dynamic><Category><Id>DD0790857A6F4168A846C164E185B462</Id><AutomaticallyPopulate>true</AutomaticallyPopulate><Name /></Category><Grouping><Identity><Id>4FEE4E069417475DAC5D2C2E5C95CA49</Id></Identity><Variables /></Grouping><UseInSkin>false</UseInSkin><Found>false</Found><IsSecure>false</IsSecure><VariableScope>Process</VariableScope><IsDateExpression>false</IsDateExpression><ErrorCodeMappingType>Static</ErrorCodeMappingType><VariableDisplayProperties><VariableIdentity><Version>0</Version></VariableIdentity><StringVariableDisplayProperties><VariableControlType>Singleline</VariableControlType><MaxNumberOfCharacters>0</MaxNumberOfCharacters><LookupIdentity /><StaticData /><Mandatory>false</Mandatory></StringVariableDisplayProperties><MinDate xsi:nil="true" /><MaxDate xsi:nil="true" /><DecimalPrecision>0</DecimalPrecision></VariableDisplayProperties></Identity><LastModifiedBy><Id /><AutomaticallyPopulate>true</AutomaticallyPopulate><ResourceType>Worker</ResourceType><EmailAddress /><UserId /><ManagerialLevel>0</ManagerialLevel></LastModifiedBy><LastModified>0001-01-01T00:00:00</LastModified></ImportExportPackageSummaryOfVariable><ImportExportPackageSummaryOfVariable><Identity><VariableType>String</VariableType><Value xsi:type="xsd:string">SalesforceDemo0</Value><Identity><Id>SFPASSWORD</Id><Version>0</Version><DisplayName>sfPassword</DisplayName></Identity><Dynamic>false</Dynamic><Category><Id>DD0790857A6F4168A846C164E185B462</Id><AutomaticallyPopulate>true</AutomaticallyPopulate><Name /></Category><Grouping><Identity><Id>4FEE4E069417475DAC5D2C2E5C95CA49</Id></Identity><Variables /></Grouping><UseInSkin>false</UseInSkin><Found>false</Found><IsSecure>false</IsSecure><VariableScope>Process</VariableScope><IsDateExpression>false</IsDateExpression><ErrorCodeMappingType>Static</ErrorCodeMappingType><VariableDisplayProperties><VariableIdentity><Version>0</Version></VariableIdentity><StringVariableDisplayProperties><VariableControlType>Singleline</VariableControlType><MaxNumberOfCharacters>0</MaxNumberOfCharacters><LookupIdentity /><StaticData /><Mandatory>false</Mandatory></StringVariableDisplayProperties><MinDate xsi:nil="true" /><MaxDate xsi:nil="true" /><DecimalPrecision>0</DecimalPrecision></VariableDisplayProperties></Identity><LastModifiedBy><Id /><AutomaticallyPopulate>true</AutomaticallyPopulate><ResourceType>Worker</ResourceType><EmailAddress /><UserId /><ManagerialLevel>0</ManagerialLevel></LastModifiedBy><LastModified>0001-01-01T00:00:00</LastModified></ImportExportPackageSummaryOfVariable><ImportExportPackageSummaryOfVariable><Identity><VariableType>Bool</VariableType><Value xsi:type="xsd:boolean">true</Value><Identity><Id>SFPRODINSTANCE</Id><Version>0</Version><DisplayName>sfProdInstance</DisplayName></Identity><Dynamic>false</Dynamic><Category><Id>DD0790857A6F4168A846C164E185B462</Id><AutomaticallyPopulate>true</AutomaticallyPopulate><Name /></Category><Grouping><Identity><Id>4FEE4E069417475DAC5D2C2E5C95CA49</Id></Identity><Variables /></Grouping><UseInSkin>false</UseInSkin><Found>false</Found><IsSecure>false</IsSecure><VariableScope>Process</VariableScope><IsDateExpression>false</IsDateExpression><ErrorCodeMappingType>Static</ErrorCodeMappingType><VariableDisplayProperties><VariableIdentity><Version>0</Version></VariableIdentity><StringVariableDisplayProperties><VariableControlType>Singleline</VariableControlType><MaxNumberOfCharacters>0</MaxNumberOfCharacters><LookupIdentity /><StaticData /><Mandatory>false</Mandatory></StringVariableDisplayProperties><MinDate xsi:nil="true" /><MaxDate xsi:nil="true" /><DecimalPrecision>0</DecimalPrecision></VariableDisplayProperties></Identity><LastModifiedBy><Id /><AutomaticallyPopulate>true</AutomaticallyPopulate><ResourceType>Worker</ResourceType><EmailAddress /><UserId /><ManagerialLevel>0</ManagerialLevel></LastModifiedBy><LastModified>0001-01-01T00:00:00</LastModified></ImportExportPackageSummaryOfVariable><ImportExportPackageSummaryOfVariable><Identity><VariableType>String</VariableType><Value xsi:type="xsd:string">e5Hyw4RX9HKWg4Kr9EYpgduaO</Value><Identity><Id>SFTOKEN</Id><Version>0</Version><DisplayName>sfToken</DisplayName></Identity><Dynamic>false</Dynamic><Category><Id>DD0790857A6F4168A846C164E185B462</Id><AutomaticallyPopulate>true</AutomaticallyPopulate><Name /></Category><Grouping><Identity><Id>4FEE4E069417475DAC5D2C2E5C95CA49</Id></Identity><Variables /></Grouping><UseInSkin>false</UseInSkin><Found>false</Found><IsSecure>false</IsSecure><VariableScope>Process</VariableScope><IsDateExpression>false</IsDateExpression><ErrorCodeMappingType>Static</ErrorCodeMappingType><VariableDisplayProperties><VariableIdentity><Version>0</Version></VariableIdentity><StringVariableDisplayProperties><VariableControlType>Singleline</VariableControlType><MaxNumberOfCharacters>0</MaxNumberOfCharacters><LookupIdentity /><StaticData /><Mandatory>false</Mandatory></StringVariableDisplayProperties><MinDate xsi:nil="true" /><MaxDate xsi:nil="true" /><DecimalPrecision>0</DecimalPrecision></VariableDisplayProperties></Identity><LastModifiedBy><Id /><AutomaticallyPopulate>true</AutomaticallyPopulate><ResourceType>Worker</ResourceType><EmailAddress /><UserId /><ManagerialLevel>0</ManagerialLevel></LastModifiedBy><LastModified>0001-01-01T00:00:00</LastModified></ImportExportPackageSummaryOfVariable><ImportExportPackageSummaryOfVariable><Identity><VariableType>String</VariableType><Value xsi:type="xsd:string">adam.sawyers@resilient-wolf-b9s6tc.com</Value><Identity><Id>SFUSERNAME</Id><Version>0</Version><DisplayName>sfUsername</DisplayName></Identity><Dynamic>false</Dynamic><Category><Id>DD0790857A6F4168A846C164E185B462</Id><AutomaticallyPopulate>true</AutomaticallyPopulate><Name /></Category><Grouping><Identity><Id>4FEE4E069417475DAC5D2C2E5C95CA49</Id></Identity><Variables /></Grouping><UseInSkin>false</UseInSkin><Found>false</Found><IsSecure>false</IsSecure><VariableScope>Process</VariableScope><IsDateExpression>false</IsDateExpression><ErrorCodeMappingType>Static</ErrorCodeMappingType><VariableDisplayProperties><VariableIdentity><Version>0</Version></VariableIdentity><StringVariableDisplayProperties><VariableControlType>Singleline</VariableControlType><MaxNumberOfCharacters>0</MaxNumberOfCharacters><LookupIdentity /><StaticData /><Mandatory>false</Mandatory></StringVariableDisplayProperties><MinDate xsi:nil="true" /><MaxDate xsi:nil="true" /><DecimalPrecision>0</DecimalPrecision></VariableDisplayProperties></Identity><LastModifiedBy><Id /><AutomaticallyPopulate>true</AutomaticallyPopulate><ResourceType>Worker</ResourceType><EmailAddress /><UserId /><ManagerialLevel>0</ManagerialLevel></LastModifiedBy><LastModified>0001-01-01T00:00:00</LastModified></ImportExportPackageSummaryOfVariable><ImportExportPackageSummaryOfVariable><Identity><VariableType>String</VariableType><Value xsi:type="xsd:string">https://demo1-dev.dmoeukta.dev.kofaxcloud.com/services/sdk/</Value><Identity><Id>KTA_SDK_URL</Id><Version>0</Version><DisplayName>KTA_SDK_URL</DisplayName></Identity><Dynamic>false</Dynamic><Category><Id>38D0106E905A467F913DE2813560E3C6</Id><AutomaticallyPopulate>true</AutomaticallyPopulate><Name /></Category><Grouping><Identity><Id>4FEE4E069417475DAC5D2C2E5C95CA49</Id></Identity><Variables /></Grouping><UseInSkin>false</UseInSkin><Found>false</Found><IsSecure>false</IsSecure><VariableScope>Process</VariableScope><IsDateExpression>false</IsDateExpression><ErrorCodeMappingType>Static</ErrorCodeMappingType><VariableDisplayProperties><VariableIdentity><Version>0</Version></VariableIdentity><StringVariableDisplayProperties><VariableControlType>Singleline</VariableControlType><MaxNumberOfCharacters>0</MaxNumberOfCharacters><LookupIdentity /><StaticData /><Mandatory>false</Mandatory></StringVariableDisplayProperties><MinDate xsi:nil="true" /><MaxDate xsi:nil="true" /><DecimalPrecision>0</DecimalPrecision></VariableDisplayProperties></Identity><LastModifiedBy><Id /><AutomaticallyPopulate>true</AutomaticallyPopulate><ResourceType>Worker</ResourceType><EmailAddress /><UserId /><ManagerialLevel>0</ManagerialLevel></LastModifiedBy><LastModified>0001-01-01T00:00:00</LastModified></ImportExportPackageSummaryOfVariable><ImportExportPackageSummaryOfVariable><Identity><VariableType>String</VariableType><Value xsi:type="xsd:string" /><Identity><Id>NAME</Id><Version>0</Version><DisplayName>Name</DisplayName></Identity><Dynamic>false</Dynamic><Category><Id>201F370CA5164F76ADDD8EEEFF666AF7</Id><AutomaticallyPopulate>true</AutomaticallyPopulate><Name /></Category><Grouping><Identity><Id>4FEE4E069417475DAC5D2C2E5C95CA49</Id></Identity><Variables /></Grouping><UseInSkin>false</UseInSkin><Found>false</Found><IsSecure>false</IsSecure><VariableScope>Process</VariableScope><IsDateExpression>false</IsDateExpression><ErrorCodeMappingType>Static</ErrorCodeMappingType><VariableDisplayProperties><VariableIdentity><Version>0</Version></VariableIdentity><StringVariableDisplayProperties><VariableControlType>Singleline</VariableControlType><MaxNumberOfCharacters>0</MaxNumberOfCharacters><LookupIdentity /><StaticData /><Mandatory>false</Mandatory></StringVariableDisplayProperties><MinDate xsi:nil="true" /><MaxDate xsi:nil="true" /><DecimalPrecision>0</DecimalPrecision></VariableDisplayProperties></Identity><LastModifiedBy><Id /><AutomaticallyPopulate>true</AutomaticallyPopulate><ResourceType>Worker</ResourceType><EmailAddress /><UserId /><ManagerialLevel>0</ManagerialLevel></LastModifiedBy><LastModified>0001-01-01T00:00:00</LastModified></ImportExportPackageSummaryOfVariable></ServerVariablesCollection><ThreadPools><ImportExportPackageSummaryOfThreadPoolIdentity><Identity><Id>0</Id><Name>Default Thread Pool</Name></Identity><LastModifiedBy><Id /><AutomaticallyPopulate>true</AutomaticallyPopulate><ResourceType>Worker</ResourceType><EmailAddress /><UserId /><ManagerialLevel>0</ManagerialLevel></LastModifiedBy><LastModified>0001-01-01T00:00:00</LastModified></ImportExportPackageSummaryOfThreadPoolIdentity><ImportExportPackageSummaryOfThreadPoolIdentity><Identity><Id>1</Id><Name>Default Transformation Server Thread Pool</Name></Identity><LastModifiedBy><Id /><AutomaticallyPopulate>true</AutomaticallyPopulate><ResourceType>Worker</ResourceType><EmailAddress /><UserId /><ManagerialLevel>0</ManagerialLevel></LastModifiedBy><LastModified>0001-01-01T00:00:00</LastModified></ImportExportPackageSummaryOfThreadPoolIdentity></ThreadPools><Tags /><GlobalVariables /><GlobalVariablesCollection><ImportExportPackageSummaryOfSessionVariable><Identity><Identity><Name>SESSION_ID</Name><Id>161F8F818093437482D2886B7B6756BB</Id><AutomaticallyPopulate>true</AutomaticallyPopulate></Identity><Description>The current Session Identifer.</Description><Value /><IsLocalizable>false</IsLocalizable><Category><Id>201F370CA5164F76ADDD8EEEFF666AF7</Id><AutomaticallyPopulate>true</AutomaticallyPopulate><Name>Default Category</Name></Category><LastModifiedDateTime>2018-07-27T09:47:05.64</LastModifiedDateTime><IsSecure>false</IsSecure></Identity><LastModifiedBy><Id /><AutomaticallyPopulate>true</AutomaticallyPopulate><ResourceType>Worker</ResourceType><EmailAddress /><UserId /><ManagerialLevel>0</ManagerialLevel></LastModifiedBy><LastModified>2018-07-27T09:47:05.64</LastModified></ImportExportPackageSummaryOfSessionVariable><ImportExportPackageSummaryOfSessionVariable><Identity><Identity><Name>SYS_SESS_ID</Name><Id>BDBC3EF1906D49DA84C325FD6C8EB284</Id><AutomaticallyPopulate>true</AutomaticallyPopulate></Identity><Description>KTA System Session Id</Description><Value>29958C1924BF87469881BF21BF6672DF</Value><IsLocalizable>false</IsLocalizable><Category><Id>201F370CA5164F76ADDD8EEEFF666AF7</Id><AutomaticallyPopulate>true</AutomaticallyPopulate><Name>Default Category</Name></Category><LastModifiedDateTime>2022-11-24T15:43:38.477</LastModifiedDateTime><IsSecure>false</IsSecure></Identity><LastModifiedBy><Id /><AutomaticallyPopulate>true</AutomaticallyPopulate><ResourceType>Worker</ResourceType><EmailAddress /><UserId /><ManagerialLevel>0</ManagerialLevel></LastModifiedBy><LastModified>2022-11-24T15:43:38.477</LastModified></ImportExportPackageSummaryOfSessionVariable><ImportExportPackageSummaryOfSessionVariable><Identity><Identity><Name>WORKQUEUE_FORM</Name><Id>1E70BD400456422DBFA431767DC6CB0F</Id><AutomaticallyPopulate>true</AutomaticallyPopulate></Identity><Description>The Workqueue Form.</Description><Value /><IsLocalizable>false</IsLocalizable><Category><Id>201F370CA5164F76ADDD8EEEFF666AF7</Id><AutomaticallyPopulate>true</AutomaticallyPopulate><Name>Default Category</Name></Category><LastModifiedDateTime>2018-07-27T09:47:05.643</LastModifiedDateTime><IsSecure>false</IsSecure></Identity><LastModifiedBy><Id /><AutomaticallyPopulate>true</AutomaticallyPopulate><ResourceType>Worker</ResourceType><EmailAddress /><UserId /><ManagerialLevel>0</ManagerialLevel></LastModifiedBy><LastModified>2018-07-27T09:47:05.643</LastModified></ImportExportPackageSummaryOfSessionVariable><ImportExportPackageSummaryOfSessionVariable><Identity><Identity><Name>EPC</Name><Id>5E0F01E4914A48D08009FFC40C130EFF</Id><AutomaticallyPopulate>true</AutomaticallyPopulate></Identity><Description>The EPC.</Description><Value /><IsLocalizable>false</IsLocalizable><Category><Id>201F370CA5164F76ADDD8EEEFF666AF7</Id><AutomaticallyPopulate>true</AutomaticallyPopulate><Name>Default Category</Name></Category><LastModifiedDateTime>2018-07-27T09:47:05.64</LastModifiedDateTime><IsSecure>false</IsSecure></Identity><LastModifiedBy><Id /><AutomaticallyPopulate>true</AutomaticallyPopulate><ResourceType>Worker</ResourceType><EmailAddress /><UserId /><ManagerialLevel>0</ManagerialLevel></LastModifiedBy><LastModified>2018-07-27T09:47:05.64</LastModified></ImportExportPackageSummaryOfSessionVariable><ImportExportPackageSummaryOfSessionVariable><Identity><Identity><Name>JOB_ID</Name><Id>8A1DD88A21124A98A51B5679DE7FDCB4</Id><AutomaticallyPopulate>true</AutomaticallyPopulate></Identity><Description>The Job ID.</Description><Value /><IsLocalizable>false</IsLocalizable><Category><Id>201F370CA5164F76ADDD8EEEFF666AF7</Id><AutomaticallyPopulate>true</AutomaticallyPopulate><Name>Default Category</Name></Category><LastModifiedDateTime>2018-07-27T09:47:05.64</LastModifiedDateTime><IsSecure>false</IsSecure></Identity><LastModifiedBy><Id /><AutomaticallyPopulate>true</AutomaticallyPopulate><ResourceType>Worker</ResourceType><EmailAddress /><UserId /><ManagerialLevel>0</ManagerialLevel></LastModifiedBy><LastModified>2018-07-27T09:47:05.64</LastModified></ImportExportPackageSummaryOfSessionVariable><ImportExportPackageSummaryOfSessionVariable><Identity><Identity><Name>NODE_ID</Name><Id>AFBE96EA665E4F16A2FDA88044A23D0A</Id><AutomaticallyPopulate>true</AutomaticallyPopulate></Identity><Description>The Node ID.</Description><Value /><IsLocalizable>false</IsLocalizable><Category><Id>201F370CA5164F76ADDD8EEEFF666AF7</Id><AutomaticallyPopulate>true</AutomaticallyPopulate><Name>Default Category</Name></Category><LastModifiedDateTime>2018-07-27T09:47:05.64</LastModifiedDateTime><IsSecure>false</IsSecure></Identity><LastModifiedBy><Id /><AutomaticallyPopulate>true</AutomaticallyPopulate><ResourceType>Worker</ResourceType><EmailAddress /><UserId /><ManagerialLevel>0</ManagerialLevel></LastModifiedBy><LastModified>2018-07-27T09:47:05.64</LastModified></ImportExportPackageSummaryOfSessionVariable></GlobalVariablesCollection><ServerXmlExpressionVariables /><DotNetReferences /><MiscellaneousFiles /><Queries /><FormTemplates /><Localisations /><Packages /><ExportConnectorDeploymentProperties /><ShowProcessAssociations>true</ShowProcessAssociations><ShowFormAssociations>true</ShowFormAssociations><SystemExportOptions><IncludeNoteTypes>false</IncludeNoteTypes><IncludeHotKeys>false</IncludeHotKeys><IncludePageRenditions>false</IncludePageRenditions><IncludeNodeColors>false</IncludeNodeColors><IncludeReportingTags>false</IncludeReportingTags><IncludeErrorCodes>false</IncludeErrorCodes></SystemExportOptions><ShowCategoryAssociations>false</ShowCategoryAssociations><Version><Major>7</Major><Minor>3</Minor><Build>1</Build><Revision>0</Revision></Version><DocumentTypeVariants /><ProtectAllItems>false</ProtectAllItems><ProtectedItems /><IncludeRoleMembers>false</IncludeRoleMembers><IncludeDevices>false</IncludeDevices><IncludeDeviceProfiles>false</IncludeDeviceProfiles><IncludeDeviceSettings>false</IncludeDeviceSettings><ExportConnectorMappings>false</ExportConnectorMappings><WebServices /><ImportConnections /><ImportSources /><OAuthServers /><CaptureSolution><Id /><Name /><Version>0</Version><Description /><DocumentLanguage /><CategoryIdentity><Id /><AutomaticallyPopulate>true</AutomaticallyPopulate><Name /></CategoryIdentity><LastModified>2022-11-30T19:30:16.3704939+00:00</LastModified><LockedBy><Id /><AutomaticallyPopulate>true</AutomaticallyPopulate><Name /><ResourceType>Worker</ResourceType><EmailAddress /><UserId /><ManagerialLevel>0</ManagerialLevel></LockedBy><ProcessIdentity><Id /><AutomaticallyPopulate>true</AutomaticallyPopulate><Version>0</Version><Name /></ProcessIdentity><ClassificationGroupIdentity><Id /><AutomaticallyPopulate>true</AutomaticallyPopulate><Version>0</Version><Name /></ClassificationGroupIdentity><GenerateMFPForms>false</GenerateMFPForms><ScanCNJFormLink /><ExpectedSolutionDuration>0</ExpectedSolutionDuration><UploadedDocsFolderId /><DownloadImagesAndData>false</DownloadImagesAndData><DeleteDocumentsWhenJobComplete>false</DeleteDocumentsWhenJobComplete><TrainingRequired>false</TrainingRequired><DownloadZipResources /><SeparationProfileIdentity /></CaptureSolution><DataModels /><QuickApp><Id /><Name /><Version>0</Version></QuickApp><PackageItemAssociations><PackageItemAssociation><Id>9ED272B1A5584582BE10F9990E3A7E6B</Id><Name /><ItemType>0</ItemType><AssociatedItems><AssociatedItem><Id>DD0790857A6F4168A846C164E185B462</Id><ItemType>28</ItemType><Name>Salesforce Connector</Name></AssociatedItem><AssociatedItem><Id>93AB955FF7EE48B0A8B9D01D1BC6C513</Id><ItemType>28</ItemType><Name>Integration Demonstrations</Name></AssociatedItem><AssociatedItem><Id>161F8F818093437482D2886B7B6756BB</Id><ItemType>36</ItemType><Name>SESSION_ID</Name></AssociatedItem><AssociatedItem><Id>BDBC3EF1906D49DA84C325FD6C8EB284</Id><ItemType>36</ItemType><Name>SYS_SESS_ID</Name></AssociatedItem><AssociatedItem><Id>1E70BD400456422DBFA431767DC6CB0F</Id><ItemType>36</ItemType><Name>WORKQUEUE_FORM</Name></AssociatedItem><AssociatedItem><Id>5E0F01E4914A48D08009FFC40C130EFF</Id><ItemType>36</ItemType><Name>EPC</Name></AssociatedItem><AssociatedItem><Id>8A1DD88A21124A98A51B5679DE7FDCB4</Id><ItemType>36</ItemType><Name>JOB_ID</Name></AssociatedItem><AssociatedItem><Id>AFBE96EA665E4F16A2FDA88044A23D0A</Id><ItemType>36</ItemType><Name>NODE_ID</Name></AssociatedItem><AssociatedItem><Id>2CDC9DAB7EE1491DAEEC40C414A69947</Id><ItemType>6</ItemType><Name>Add Order To SFCNJ</Name></AssociatedItem><AssociatedItem><Id>CB41BBA8BE6F45EB91B3325E18937FCB</Id><ItemType>6</ItemType><Name>Add Order To SFShow Added Order</Name></AssociatedItem><AssociatedItem><Id>9ED272B1A5584582BE10F9990E3A7E6B</Id><ItemType>0</ItemType><Name>Add Order To SF</Name></AssociatedItem><AssociatedItem><Id>INSTANCEURL</Id><ItemType>35</ItemType><Name /></AssociatedItem><AssociatedItem><Id>SFCLIENTID</Id><ItemType>35</ItemType><Name /></AssociatedItem><AssociatedItem><Id>SFCLIENTSECRET</Id><ItemType>35</ItemType><Name /></AssociatedItem><AssociatedItem><Id>SFPASSWORD</Id><ItemType>35</ItemType><Name /></AssociatedItem><AssociatedItem><Id>SFPRODINSTANCE</Id><ItemType>35</ItemType><Name /></AssociatedItem><AssociatedItem><Id>SFTOKEN</Id><ItemType>35</ItemType><Name /></AssociatedItem><AssociatedItem><Id>SFUSERNAME</Id><ItemType>35</ItemType><Name /></AssociatedItem><AssociatedItem><Id>SPP_SYSTEM_SESSION_ID</Id><ItemType>35</ItemType><Name /></AssociatedItem></AssociatedItems></PackageItemAssociation><PackageItemAssociation><Id>64B59C827EEFE3726FFF26578FE5D78F</Id><Name /><ItemType>0</ItemType><AssociatedItems><AssociatedItem><Id>DD0790857A6F4168A846C164E185B462</Id><ItemType>28</ItemType><Name>Salesforce Connector</Name></AssociatedItem><AssociatedItem><Id>93AB955FF7EE48B0A8B9D01D1BC6C513</Id><ItemType>28</ItemType><Name>Integration Demonstrations</Name></AssociatedItem><AssociatedItem><Id>B1A990809DF941868A9D46D8C750BCFC</Id><ItemType>16</ItemType><Name>SFDC Case Form Classification Group</Name></AssociatedItem><AssociatedItem><Id>8C42F2E64D6D4518BD71CA6DA522CA6E</Id><ItemType>39</ItemType><Name>SFDC Add Case CS</Name></AssociatedItem><AssociatedItem><Id>161F8F818093437482D2886B7B6756BB</Id><ItemType>36</ItemType><Name>SESSION_ID</Name></AssociatedItem><AssociatedItem><Id>1E70BD400456422DBFA431767DC6CB0F</Id><ItemType>36</ItemType><Name>WORKQUEUE_FORM</Name></AssociatedItem><AssociatedItem><Id>FC4A7E347D984994B76C942BFFCDF07B</Id><ItemType>47</ItemType><Name /></AssociatedItem><AssociatedItem><Id>E826C77ED5E21F230025E54334769D0A</Id><ItemType>34</ItemType><Name>Salesforce Doc Conversion</Name></AssociatedItem><AssociatedItem><Id>CF8C44F7EBD537322E859F897B5A731D</Id><ItemType>18</ItemType><Name>My Case Form</Name></AssociatedItem><AssociatedItem><Id>B5CB04EAAFF244CD8247D7E8ECA27E75</Id><ItemType>6</ItemType><Name>Case_Form_to_Salesforce_Scan</Name></AssociatedItem><AssociatedItem><Id>AD96B4AE4220441F913124EC0D05CDF2</Id><ItemType>6</ItemType><Name>Case_Form_to_Salesforce_Validate_Case_Data</Name></AssociatedItem><AssociatedItem><Id>64B59C827EEFE3726FFF26578FE5D78F</Id><ItemType>0</ItemType><Name>Case Form to Salesforce</Name></AssociatedItem><AssociatedItem><Id>SPP_SYSTEM_SESSION_ID</Id><ItemType>35</ItemType><Name /></AssociatedItem><AssociatedItem><Id>INSTANCEURL</Id><ItemType>35</ItemType><Name /></AssociatedItem><AssociatedItem><Id>SFCLIENTID</Id><ItemType>35</ItemType><Name /></AssociatedItem><AssociatedItem><Id>SFCLIENTSECRET</Id><ItemType>35</ItemType><Name /></AssociatedItem><AssociatedItem><Id>SFPASSWORD</Id><ItemType>35</ItemType><Name /></AssociatedItem><AssociatedItem><Id>SFPRODINSTANCE</Id><ItemType>35</ItemType><Name /></AssociatedItem><AssociatedItem><Id>SFTOKEN</Id><ItemType>35</ItemType><Name /></AssociatedItem><AssociatedItem><Id>SFUSERNAME</Id><ItemType>35</ItemType><Name /></AssociatedItem><AssociatedItem><Id>037B145DB7264421B23865043C0F1093</Id><ItemType>28</ItemType><Name>Azure Storage</Name></AssociatedItem><AssociatedItem><Id>A188F7BC7A2547558008BA46AD357A46</Id><ItemType>28</ItemType><Name>Microsoft Azure</Name></AssociatedItem><AssociatedItem><Id>14729D70BA0146168A281FCF21B9EC23</Id><ItemType>28</ItemType><Name>Integration - Custom Services</Name></AssociatedItem><AssociatedItem><Id>BD64389BABF64BBBB01A1E4C249097BE</Id><ItemType>39</ItemType><Name>KTA Document to Base64 String</Name></AssociatedItem><AssociatedItem><Id>KTA_SDK_URL</Id><ItemType>35</ItemType><Name /></AssociatedItem></AssociatedItems></PackageItemAssociation><PackageItemAssociation><Id>8C42F2E64D6D4518BD71CA6DA522CA6E</Id><Name /><ItemType>39</ItemType><AssociatedItems><AssociatedItem><Id>6D6EB0174DD24EBC898D0278045A96E1</Id><ItemType>40</ItemType><Name>Salesforce Connector Service Group</Name></AssociatedItem><AssociatedItem><Id>8C42F2E64D6D4518BD71CA6DA522CA6E</Id><ItemType>39</ItemType><Name>Case Salesforce Service</Name></AssociatedItem></AssociatedItems></PackageItemAssociation><PackageItemAssociation><Id>2CDC9DAB7EE1491DAEEC40C414A69947</Id><Name /><ItemType>6</ItemType><AssociatedItems /></PackageItemAssociation><PackageItemAssociation><Id>CB41BBA8BE6F45EB91B3325E18937FCB</Id><Name /><ItemType>6</ItemType><AssociatedItems /></PackageItemAssociation><PackageItemAssociation><Id>B5CB04EAAFF244CD8247D7E8ECA27E75</Id><Name /><ItemType>6</ItemType><AssociatedItems /></PackageItemAssociation><PackageItemAssociation><Id>AD96B4AE4220441F913124EC0D05CDF2</Id><Name /><ItemType>6</ItemType><AssociatedItems /></PackageItemAssociation><PackageItemAssociation><Id>161F8F818093437482D2886B7B6756BB</Id><Name /><ItemType>36</ItemType><AssociatedItems /></PackageItemAssociation><PackageItemAssociation><Id>BDBC3EF1906D49DA84C325FD6C8EB284</Id><Name /><ItemType>36</ItemType><AssociatedItems /></PackageItemAssociation><PackageItemAssociation><Id>1E70BD400456422DBFA431767DC6CB0F</Id><Name /><ItemType>36</ItemType><AssociatedItems /></PackageItemAssociation><PackageItemAssociation><Id>5E0F01E4914A48D08009FFC40C130EFF</Id><Name /><ItemType>36</ItemType><AssociatedItems /></PackageItemAssociation><PackageItemAssociation><Id>8A1DD88A21124A98A51B5679DE7FDCB4</Id><Name /><ItemType>36</ItemType><AssociatedItems /></PackageItemAssociation><PackageItemAssociation><Id>AFBE96EA665E4F16A2FDA88044A23D0A</Id><Name /><ItemType>36</ItemType><AssociatedItems /></PackageItemAssociation><PackageItemAssociation><Id>B1A990809DF941868A9D46D8C750BCFC</Id><Name /><ItemType>16</ItemType><AssociatedItems><AssociatedItem><Id>DD0790857A6F4168A846C164E185B462</Id><ItemType>28</ItemType><Name>Salesforce Connector</Name></AssociatedItem><AssociatedItem><Id>93AB955FF7EE48B0A8B9D01D1BC6C513</Id><ItemType>28</ItemType><Name>Integration Demonstrations</Name></AssociatedItem><AssociatedItem><Id>B1A990809DF941868A9D46D8C750BCFC</Id><ItemType>16</ItemType><Name>SFDC Case Form Classification Group</Name></AssociatedItem><AssociatedItem><Id>CF8C44F7EBD537322E859F897B5A731D</Id><ItemType>18</ItemType><Name>My Case Form</Name></AssociatedItem></AssociatedItems></PackageItemAssociation><PackageItemAssociation><Id>CF8C44F7EBD537322E859F897B5A731D</Id><Name /><ItemType>18</ItemType><AssociatedItems><AssociatedItem><Id>DD0790857A6F4168A846C164E185B462</Id><ItemType>28</ItemType><Name>Salesforce Connector</Name></AssociatedItem><AssociatedItem><Id>93AB955FF7EE48B0A8B9D01D1BC6C513</Id><ItemType>28</ItemType><Name>Integration Demonstrations</Name></AssociatedItem><AssociatedItem><Id>CF8C44F7EBD537322E859F897B5A731D</Id><ItemType>18</ItemType><Name>My Case Form</Name></AssociatedItem></AssociatedItems></PackageItemAssociation><PackageItemAssociation><Id>E826C77ED5E21F230025E54334769D0A</Id><Name /><ItemType>34</ItemType><AssociatedItems /></PackageItemAssociation><PackageItemAssociation><Id>INSTANCEURL</Id><Name /><ItemType>35</ItemType><AssociatedItems /></PackageItemAssociation><PackageItemAssociation><Id>SFCLIENTID</Id><Name /><ItemType>35</ItemType><AssociatedItems /></PackageItemAssociation><PackageItemAssociation><Id>SFCLIENTSECRET</Id><Name /><ItemType>35</ItemType><AssociatedItems /></PackageItemAssociation><PackageItemAssociation><Id>SFPASSWORD</Id><Name /><ItemType>35</ItemType><AssociatedItems /></PackageItemAssociation><PackageItemAssociation><Id>SFPRODINSTANCE</Id><Name /><ItemType>35</ItemType><AssociatedItems /></PackageItemAssociation><PackageItemAssociation><Id>SFTOKEN</Id><Name /><ItemType>35</ItemType><AssociatedItems /></PackageItemAssociation><PackageItemAssociation><Id>SFUSERNAME</Id><Name /><ItemType>35</ItemType><AssociatedItems /></PackageItemAssociation><PackageItemAssociation><Id>SPP_SYSTEM_SESSION_ID</Id><Name /><ItemType>35</ItemType><AssociatedItems /></PackageItemAssociation><PackageItemAssociation><Id>DD0790857A6F4168A846C164E185B462</Id><Name /><ItemType>28</ItemType><AssociatedItems /></PackageItemAssociation><PackageItemAssociation><Id>93AB955FF7EE48B0A8B9D01D1BC6C513</Id><Name /><ItemType>28</ItemType><AssociatedItems /></PackageItemAssociation><PackageItemAssociation><Id>FC4A7E347D984994B76C942BFFCDF07B</Id><Name /><ItemType>47</ItemType><AssociatedItems /></PackageItemAssociation><PackageItemAssociation><Id>AC797ED64DCC830DDF1B9CDDCF1A09F6</Id><Name /><ItemType>0</ItemType><AssociatedItems><AssociatedItem><Id>DD0790857A6F4168A846C164E185B462</Id><ItemType>28</ItemType><Name>Salesforce Connector</Name></AssociatedItem><AssociatedItem><Id>93AB955FF7EE48B0A8B9D01D1BC6C513</Id><ItemType>28</ItemType><Name>Integration Demonstrations</Name></AssociatedItem><AssociatedItem><Id>1E70BD400456422DBFA431767DC6CB0F</Id><ItemType>36</ItemType><Name>WORKQUEUE_FORM</Name></AssociatedItem><AssociatedItem><Id>5E0F01E4914A48D08009FFC40C130EFF</Id><ItemType>36</ItemType><Name>EPC</Name></AssociatedItem><AssociatedItem><Id>8A1DD88A21124A98A51B5679DE7FDCB4</Id><ItemType>36</ItemType><Name>JOB_ID</Name></AssociatedItem><AssociatedItem><Id>AFBE96EA665E4F16A2FDA88044A23D0A</Id><ItemType>36</ItemType><Name>NODE_ID</Name></AssociatedItem><AssociatedItem><Id>8D4085D5115A4794AA3C2F55EC69DBC4</Id><ItemType>6</ItemType><Name>OLD Add Order ServiceShow Added Order</Name></AssociatedItem><AssociatedItem><Id>5192865C95E842DB9B5E89569F39D41E</Id><ItemType>6</ItemType><Name>OLD Add Order ServiceFinalize Data</Name></AssociatedItem><AssociatedItem><Id>AC797ED64DCC830DDF1B9CDDCF1A09F6</Id><ItemType>0</ItemType><Name>OLD Add Order Service</Name></AssociatedItem><AssociatedItem><Id>INSTANCEURL</Id><ItemType>35</ItemType><Name /></AssociatedItem><AssociatedItem><Id>SFCLIENTID</Id><ItemType>35</ItemType><Name /></AssociatedItem><AssociatedItem><Id>SFCLIENTSECRET</Id><ItemType>35</ItemType><Name /></AssociatedItem><AssociatedItem><Id>SFPASSWORD</Id><ItemType>35</ItemType><Name /></AssociatedItem><AssociatedItem><Id>SFPRODINSTANCE</Id><ItemType>35</ItemType><Name /></AssociatedItem><AssociatedItem><Id>SFTOKEN</Id><ItemType>35</ItemType><Name /></AssociatedItem><AssociatedItem><Id>SFUSERNAME</Id><ItemType>35</ItemType><Name /></AssociatedItem><AssociatedItem><Id>SPP_SYSTEM_SESSION_ID</Id><ItemType>35</ItemType><Name /></AssociatedItem></AssociatedItems></PackageItemAssociation><PackageItemAssociation><Id>AB173FAF1883B4FD3BCA69AE870AAF52</Id><Name /><ItemType>0</ItemType><AssociatedItems><AssociatedItem><Id>DD0790857A6F4168A846C164E185B462</Id><ItemType>28</ItemType><Name>Salesforce Connector</Name></AssociatedItem><AssociatedItem><Id>93AB955FF7EE48B0A8B9D01D1BC6C513</Id><ItemType>28</ItemType><Name>Integration Demonstrations</Name></AssociatedItem><AssociatedItem><Id>F90A1A6D709040E9BC02C15D93EE59F9</Id><ItemType>16</ItemType><Name>Capture Starter Pack</Name></AssociatedItem><AssociatedItem><Id>F3A985D9BE451F49B0C2E28CBD42988B</Id><ItemType>39</ItemType><Name>OLD Salesforce Add Order Custom Service</Name></AssociatedItem><AssociatedItem><Id>FC4A7E347D984994B76C942BFFCDF07B</Id><ItemType>47</ItemType><Name /></AssociatedItem><AssociatedItem><Id>E826C77ED5E21F230025E54334769D0A</Id><ItemType>34</ItemType><Name>Salesforce Doc Conversion</Name></AssociatedItem><AssociatedItem><Id>3CC8EEE043EE437DA29839C6D9761C20</Id><ItemType>18</ItemType><Name>Capture Starter Pack</Name></AssociatedItem><AssociatedItem><Id>43DA70A343AA771B01EFA7D95EC808DF</Id><ItemType>20</ItemType><Name>Date Formatter</Name></AssociatedItem><AssociatedItem><Id>CE88BED48B0F4E8BB4513D5A5B72946F</Id><ItemType>20</ItemType><Name>Default Date Formatter</Name></AssociatedItem><AssociatedItem><Id>AB173FAF1883B4FD3BCA69AE870AAF52</Id><ItemType>0</ItemType><Name>Scan Doc Add Order Salesforce</Name></AssociatedItem><AssociatedItem><Id>SPP_SYSTEM_SESSION_ID</Id><ItemType>35</ItemType><Name /></AssociatedItem></AssociatedItems></PackageItemAssociation><PackageItemAssociation><Id>F3A985D9BE451F49B0C2E28CBD42988B</Id><Name /><ItemType>39</ItemType><AssociatedItems /></PackageItemAssociation><PackageItemAssociation><Id>8D4085D5115A4794AA3C2F55EC69DBC4</Id><Name /><ItemType>6</ItemType><AssociatedItems /></PackageItemAssociation><PackageItemAssociation><Id>5192865C95E842DB9B5E89569F39D41E</Id><Name /><ItemType>6</ItemType><AssociatedItems /></PackageItemAssociation><PackageItemAssociation><Id>F90A1A6D709040E9BC02C15D93EE59F9</Id><Name /><ItemType>16</ItemType><AssociatedItems /></PackageItemAssociation><PackageItemAssociation><Id>3CC8EEE043EE437DA29839C6D9761C20</Id><Name /><ItemType>18</ItemType><AssociatedItems /></PackageItemAssociation><PackageItemAssociation><Id>43DA70A343AA771B01EFA7D95EC808DF</Id><Name /><ItemType>20</ItemType><AssociatedItems /></PackageItemAssociation><PackageItemAssociation><Id>CE88BED48B0F4E8BB4513D5A5B72946F</Id><Name /><ItemType>20</ItemType><AssociatedItems /></PackageItemAssociation><PackageItemAssociation><Id>C052738019F231A67A469E42420B57F3</Id><Name /><ItemType>39</ItemType><AssociatedItems><AssociatedItem><Id>DD0790857A6F4168A846C164E185B462</Id><ItemType>28</ItemType><Name>Salesforce Connector</Name></AssociatedItem><AssociatedItem><Id>93AB955FF7EE48B0A8B9D01D1BC6C513</Id><ItemType>28</ItemType><Name>Integration Demonstrations</Name></AssociatedItem><AssociatedItem><Id>6D6EB0174DD24EBC898D0278045A96E1</Id><ItemType>40</ItemType><Name>Salesforce Connector Service Group</Name></AssociatedItem><AssociatedItem><Id>C052738019F231A67A469E42420B57F3</Id><ItemType>39</ItemType><Name>SalesForce Contacts Search</Name></AssociatedItem><AssociatedItem><Id>NAME</Id><ItemType>35</ItemType><Name /></AssociatedItem><AssociatedItem><Id>SFCLIENTID</Id><ItemType>35</ItemType><Name /></AssociatedItem><AssociatedItem><Id>SFCLIENTSECRET</Id><ItemType>35</ItemType><Name /></AssociatedItem><AssociatedItem><Id>SFPASSWORD</Id><ItemType>35</ItemType><Name /></AssociatedItem><AssociatedItem><Id>SFPRODINSTANCE</Id><ItemType>35</ItemType><Name /></AssociatedItem><AssociatedItem><Id>SFTOKEN</Id><ItemType>35</ItemType><Name /></AssociatedItem><AssociatedItem><Id>SFUSERNAME</Id><ItemType>35</ItemType><Name /></AssociatedItem><AssociatedItem><Id>SPP_SYSTEM_SESSION_ID</Id><ItemType>35</ItemType><Name /></AssociatedItem></AssociatedItems></PackageItemAssociation><PackageItemAssociation><Id>NAME</Id><Name /><ItemType>35</ItemType><AssociatedItems /></PackageItemAssociation><PackageItemAssociation><Id>6D6EB0174DD24EBC898D0278045A96E1</Id><Name /><ItemType>40</ItemType><AssociatedItems /></PackageItemAssociation></PackageItemAssociations></SpaPackageImportExportData>