<?xml version="1.0" encoding="utf-16"?><SpaPackageImportExportData xmlns:xsd="http://www.w3.org/2001/XMLSchema" xmlns:xsi="http://www.w3.org/2001/XMLSchema-instance" dbversion="7.10"><PackageSummary><SpaPackageIdentity><Id>9C82B15D9530440AA4FBC5DC380B486C</Id><Name>Salesforce Connector V1</Name><Version>2</Version></SpaPackageIdentity><Description /><CategoryIdentity><Id>201F370CA5164F76ADDD8EEEFF666AF7</Id><AutomaticallyPopulate>true</AutomaticallyPopulate><Name>Default Category</Name></CategoryIdentity><LastModifiedDateTime>2023-04-24T19:33:23.057</LastModifiedDateTime><LastModifiedResource><Id>1449EC114C3BC751B5F5D73608203364</Id><AutomaticallyPopulate>true</AutomaticallyPopulate><Name>KTACloudEcoAdmin</Name><ResourceType>Worker</ResourceType><EmailAddress /><UserId /><ManagerialLevel>0</ManagerialLevel></LastModifiedResource><Comments /><ResourceAccessTokens><ResourceAccess><ResourceIdentity><Id>7DF43CCDF24611D2804B00104B71BD15</Id><AutomaticallyPopulate>true</AutomaticallyPopulate><Name>Everyone</Name><ResourceType>GroupOfWorkers</ResourceType><EmailAddress /><UserId /><ManagerialLevel>0</ManagerialLevel></ResourceIdentity><AccessType>MaintenanceAccess</AccessType><PermissionType>FullControl</PermissionType></ResourceAccess></ResourceAccessTokens><PermissionType>FullControl</PermissionType><SourceControlStatus>NotInSourceControl</SourceControlStatus></PackageSummary><Processes><ImportExportPackageSummaryOfProcessIdentity><Identity><Id>64B59C827EEFE3726FFF26578FE5D78F</Id><AutomaticallyPopulate>true</AutomaticallyPopulate><Version>12</Version><Name>Add Case Form To Salesforce</Name></Identity><LastModifiedBy><Id>1449EC114C3BC751B5F5D73608203364</Id><AutomaticallyPopulate>true</AutomaticallyPopulate><ResourceType>Worker</ResourceType><EmailAddress /><UserId /><ManagerialLevel>0</ManagerialLevel></LastModifiedBy><LastModified>2023-04-11T23:54:05.757</LastModified></ImportExportPackageSummaryOfProcessIdentity><ImportExportPackageSummaryOfProcessIdentity><Identity><Id>AB173FAF1883B4FD3BCA69AE870AAF52</Id><AutomaticallyPopulate>true</AutomaticallyPopulate><Version>5</Version><Name>Add Order Form To Salesforce</Name></Identity><LastModifiedBy><Id>02A6D0944F124B66831034BFA9008B83</Id><AutomaticallyPopulate>true</AutomaticallyPopulate><ResourceType>Worker</ResourceType><EmailAddress /><UserId /><ManagerialLevel>0</ManagerialLevel></LastModifiedBy><LastModified>2022-12-28T19:20:18</LastModified></ImportExportPackageSummaryOfProcessIdentity></Processes><ProcessExportOption><ExportResources>false</ExportResources><ExportGroupResourceMembers>false</ExportGroupResourceMembers><ExportResourcesExtensions>false</ExportResourcesExtensions><ExportCategories>false</ExportCategories><WithCategoryParentage>false</WithCategoryParentage><GeneralizedExport>false</GeneralizedExport><ExportDotNetReferencesWithPath>true</ExportDotNetReferencesWithPath><ExportCaseFragments>false</ExportCaseFragments><ExportTemplateSkins>false</ExportTemplateSkins><ExportExtractionClassificationData>true</ExportExtractionClassificationData><ExportGlobalDataModels>false</ExportGlobalDataModels><ExportProcessDataModels>false</ExportProcessDataModels><ExportType>CombineAssociatedMaps</ExportType><Version>0</Version><ExportServerVariables>true</ExportServerVariables><PreloadScript>1</PreloadScript><SleepDuration>0</SleepDuration><CategoryIds /><ProcessDocument>false</ProcessDocument><ProcessViewer>false</ProcessViewer><DotNetActivityType>0</DotNetActivityType><Projects /><AllProcessVariables /><ExportOnlyDocumentGroupIdentityDetails>false</ExportOnlyDocumentGroupIdentityDetails><SiteDetailsRequired>false</SiteDetailsRequired><CmisSiteDetailsRequired>false</CmisSiteDetailsRequired><Assets /><PerceptiveSiteDetailsRequired>false</PerceptiveSiteDetailsRequired><IncludeExportConnectorMappings>false</IncludeExportConnectorMappings><IsSpaExport>false</IsSpaExport><ProcessType>BusinessProcess</ProcessType><ProtectedItems /><ExportPageRenditions>false</ExportPageRenditions><ExportReportingTags>false</ExportReportingTags><ExportTestPlans>false</ExportTestPlans><IncludeProcessAssociationsInPackage>false</IncludeProcessAssociationsInPackage><IsGitExport>false</IsGitExport><ExcludeCaptureProjectTrainingSets>false</ExcludeCaptureProjectTrainingSets></ProcessExportOption><WorkAllocationRules /><Skins /><BusinessRules /><CustomServices><ImportExportPackageSummaryOfCustomServiceIdentity><Identity><Id>8C42F2E64D6D4518BD71CA6DA522CA6E</Id><Name>Case Salesforce Service</Name><Version>7</Version><Group><Id>6D6EB0174DD24EBC898D0278045A96E1</Id><Name>Salesforce Connector Service Group</Name></Group></Identity><LastModifiedBy><Id>1449EC114C3BC751B5F5D73608203364</Id><AutomaticallyPopulate>true</AutomaticallyPopulate><ResourceType>Worker</ResourceType><EmailAddress /><UserId /><ManagerialLevel>0</ManagerialLevel></LastModifiedBy><LastModified>2023-04-11T23:32:48.757</LastModified></ImportExportPackageSummaryOfCustomServiceIdentity><ImportExportPackageSummaryOfCustomServiceIdentity><Identity><Id>BD64389BABF64BBBB01A1E4C249097BE</Id><Name>KTA Document to Base64 String</Name><Version>11</Version><Group><Id>D9503B69A29248869A26876428E97745</Id><Name>Azure Storage</Name></Group></Identity><LastModifiedBy><Id>1449EC114C3BC751B5F5D73608203364</Id><AutomaticallyPopulate>true</AutomaticallyPopulate><ResourceType>Worker</ResourceType><EmailAddress /><UserId /><ManagerialLevel>0</ManagerialLevel></LastModifiedBy><LastModified>2023-02-21T19:15:30.337</LastModified></ImportExportPackageSummaryOfCustomServiceIdentity></CustomServices><CustomServiceGroups><ImportExportPackageSummaryOfCustomServiceGroupIdentity><Identity><Id>D9503B69A29248869A26876428E97745</Id><Name>Azure Storage</Name></Identity><LastModifiedBy><Id>1449EC114C3BC751B5F5D73608203364</Id><AutomaticallyPopulate>true</AutomaticallyPopulate><ResourceType>Worker</ResourceType><EmailAddress /><UserId /><ManagerialLevel>0</ManagerialLevel></LastModifiedBy><LastModified>2022-12-12T21:12:52.23</LastModified></ImportExportPackageSummaryOfCustomServiceGroupIdentity><ImportExportPackageSummaryOfCustomServiceGroupIdentity><Identity><Id>6D6EB0174DD24EBC898D0278045A96E1</Id><Name>Salesforce Connector Service Group</Name></Identity><LastModifiedBy><Id>1449EC114C3BC751B5F5D73608203364</Id><AutomaticallyPopulate>true</AutomaticallyPopulate><ResourceType>Worker</ResourceType><EmailAddress /><UserId /><ManagerialLevel>0</ManagerialLevel></LastModifiedBy><LastModified>2022-12-12T21:12:52.26</LastModified></ImportExportPackageSummaryOfCustomServiceGroupIdentity></CustomServiceGroups><Assets><ImportExportPackageSummaryOfAssetIdentity><Identity><Id>57305CBC4A6249719F7790416DDF2589</Id><Name>SalesforceApiLib.dll</Name><AssetType>DotNetAssembly</AssetType><AutomaticallyPopulate>true</AutomaticallyPopulate><StorageId>1</StorageId></Identity><LastModifiedBy><Id /><AutomaticallyPopulate>true</AutomaticallyPopulate><ResourceType>Worker</ResourceType><EmailAddress /><UserId /><ManagerialLevel>0</ManagerialLevel></LastModifiedBy><LastModified>2023-04-11T23:18:04.833</LastModified></ImportExportPackageSummaryOfAssetIdentity></Assets><Forms /><FormExportOptions><ExportHeader>false</ExportHeader><ExportNavigation>false</ExportNavigation><ExportGlobalVariables>true</ExportGlobalVariables><ExportWebServices>false</ExportWebServices><ExportBusinessRules>false</ExportBusinessRules><ExportSecurityTokens>false</ExportSecurityTokens><ExportSecurityRoles>false</ExportSecurityRoles><ExportRoleMembers>false</ExportRoleMembers><IsSpaExport>false</IsSpaExport></FormExportOptions><Navigations /><DeviceSettings /><Sites /><Themes /><Languages /><Lookups /><Resources /><Entities /><WorkTypes /><Checklists /><Folders /><ExtractionGroups><ImportExportPackageSummaryOfDocumentGroupIdentity><Identity><Id>3A370A7545DEAE53A2EF7DABA6C1DDA9</Id><AutomaticallyPopulate>true</AutomaticallyPopulate><Version>3</Version><Name>SFDC_CaseForms_EG</Name></Identity><LastModifiedBy><Id>26E770722735487EA4C6AA47DCC53FE3</Id><AutomaticallyPopulate>true</AutomaticallyPopulate><ResourceType>Worker</ResourceType><EmailAddress /><UserId /><ManagerialLevel>0</ManagerialLevel></LastModifiedBy><LastModified>2023-04-18T20:12:45.09</LastModified></ImportExportPackageSummaryOfDocumentGroupIdentity><ImportExportPackageSummaryOfDocumentGroupIdentity><Identity><Id>CF8C44F7EBD537322E859F897B5A731D</Id><AutomaticallyPopulate>true</AutomaticallyPopulate><Version>14</Version><Name>Case Forms</Name></Identity><LastModifiedBy><Id>26E770722735487EA4C6AA47DCC53FE3</Id><AutomaticallyPopulate>true</AutomaticallyPopulate><ResourceType>Worker</ResourceType><EmailAddress /><UserId /><ManagerialLevel>0</ManagerialLevel></LastModifiedBy><LastModified>2023-04-06T23:07:25.243</LastModified></ImportExportPackageSummaryOfDocumentGroupIdentity><ImportExportPackageSummaryOfDocumentGroupIdentity><Identity><Id>3CC8EEE043EE437DA29839C6D9761C20</Id><AutomaticallyPopulate>true</AutomaticallyPopulate><Version>35</Version><Name>Capture Starter Pack</Name></Identity><LastModifiedBy><Id>02A6D0944F124B66831034BFA9008B83</Id><AutomaticallyPopulate>true</AutomaticallyPopulate><ResourceType>Worker</ResourceType><EmailAddress /><UserId /><ManagerialLevel>0</ManagerialLevel></LastModifiedBy><LastModified>2021-05-18T09:52:37</LastModified></ImportExportPackageSummaryOfDocumentGroupIdentity></ExtractionGroups><ClassificationGroups><ImportExportPackageSummaryOfClassificationGroupIdentity><Identity><Id>420A4B9A30458B3372BBB257A5E6F3AD</Id><AutomaticallyPopulate>true</AutomaticallyPopulate><Version>3</Version><Name>SFDC_CaseForms_CG</Name></Identity><LastModifiedBy><Id>26E770722735487EA4C6AA47DCC53FE3</Id><AutomaticallyPopulate>true</AutomaticallyPopulate><ResourceType>Worker</ResourceType><EmailAddress /><UserId /><ManagerialLevel>0</ManagerialLevel></LastModifiedBy><LastModified>2023-04-18T20:13:04.26</LastModified></ImportExportPackageSummaryOfClassificationGroupIdentity><ImportExportPackageSummaryOfClassificationGroupIdentity><Identity><Id>F90A1A6D709040E9BC02C15D93EE59F9</Id><AutomaticallyPopulate>true</AutomaticallyPopulate><Version>32</Version><Name>Capture Starter Pack</Name></Identity><LastModifiedBy><Id>02A6D0944F124B66831034BFA9008B83</Id><AutomaticallyPopulate>true</AutomaticallyPopulate><ResourceType>Worker</ResourceType><EmailAddress /><UserId /><ManagerialLevel>0</ManagerialLevel></LastModifiedBy><LastModified>2021-05-18T09:52:37</LastModified></ImportExportPackageSummaryOfClassificationGroupIdentity></ClassificationGroups><Formatters><ImportExportPackageSummaryOfFormatterIdentity><Identity><Id>43DA70A343AA771B01EFA7D95EC808DF</Id><Name>Date Formatter</Name></Identity><LastModifiedBy><Id>71136BBC284B4B179EE667E5EF9121C0</Id><AutomaticallyPopulate>true</AutomaticallyPopulate><ResourceType>Worker</ResourceType><EmailAddress /><UserId /><ManagerialLevel>0</ManagerialLevel></LastModifiedBy><LastModified>2019-04-04T14:25:27</LastModified></ImportExportPackageSummaryOfFormatterIdentity><ImportExportPackageSummaryOfFormatterIdentity><Identity><Id>CE88BED48B0F4E8BB4513D5A5B72946F</Id><Name>Default Date Formatter</Name></Identity><LastModifiedBy><Id>26E770722735487EA4C6AA47DCC53FE3</Id><AutomaticallyPopulate>true</AutomaticallyPopulate><ResourceType>Worker</ResourceType><EmailAddress /><UserId /><ManagerialLevel>0</ManagerialLevel></LastModifiedBy><LastModified>2023-04-20T22:36:04.267</LastModified></ImportExportPackageSummaryOfFormatterIdentity></Formatters><FieldValidators /><ChecklistItems /><Events /><Targets /><Alerts /><AlertExportOption><ExportAssociatedProcess>false</ExportAssociatedProcess></AlertExportOption><Categories><ImportExportPackageSummaryOfCategoryIdentity><Identity><Id>201F370CA5164F76ADDD8EEEFF666AF7</Id><AutomaticallyPopulate>true</AutomaticallyPopulate><Name>Default Category</Name></Identity><LastModifiedBy><Id>7DF43CCDF24611D2804B00104B71BD10</Id><AutomaticallyPopulate>true</AutomaticallyPopulate><ResourceType>Worker</ResourceType><EmailAddress /><UserId /><ManagerialLevel>0</ManagerialLevel></LastModifiedBy><LastModified>2022-12-02T21:11:00</LastModified></ImportExportPackageSummaryOfCategoryIdentity><ImportExportPackageSummaryOfCategoryIdentity><Identity><Id>DE3801ADE8F441CAAF0A43834D5FC814</Id><AutomaticallyPopulate>true</AutomaticallyPopulate><Name>Salesforce Connector V1</Name></Identity><LastModifiedBy><Id>1449EC114C3BC751B5F5D73608203364</Id><AutomaticallyPopulate>true</AutomaticallyPopulate><ResourceType>Worker</ResourceType><EmailAddress /><UserId /><ManagerialLevel>0</ManagerialLevel></LastModifiedBy><LastModified>2022-12-12T21:15:46.977</LastModified></ImportExportPackageSummaryOfCategoryIdentity></Categories><ScanVrsProfiles /><SeparationProfiles /><PdfGenerationProfiles /><DocConversionProfiles><ImportExportPackageSummaryOfDocumentConversionProfileIdentity><Identity><Id>E826C77ED5E21F230025E54334769D0A</Id><Name>Salesforce Doc Conversion</Name></Identity><LastModifiedBy><Id /><AutomaticallyPopulate>true</AutomaticallyPopulate><ResourceType>Worker</ResourceType><EmailAddress /><UserId /><ManagerialLevel>0</ManagerialLevel></LastModifiedBy><LastModified>0001-01-01T00:00:00</LastModified></ImportExportPackageSummaryOfDocumentConversionProfileIdentity></DocConversionProfiles><JobSchedules /><CaptureControlLayouts /><RegularExpressions /><Personas /><ServerVariables /><ServerVariablesCollection><ImportExportPackageSummaryOfVariable><Identity><VariableType>System</VariableType><Value xsi:type="xsd:string" /><Identity><Id>SPP_SYSTEM_SESSION_ID</Id><Version>0</Version><DisplayName>SPP_SYSTEM_SESSION_ID</DisplayName></Identity><Dynamic>true</Dynamic><Category><Id>FBCB88103B4D414FAE8E38058F46CCF4</Id><AutomaticallyPopulate>true</AutomaticallyPopulate><Name /></Category><Grouping><Identity><Id>4FEE4E069417475DAC5D2C2E5C95CA49</Id></Identity><Variables /></Grouping><UseInSkin>false</UseInSkin><Found>false</Found><IsSecure>false</IsSecure><VariableScope>Process</VariableScope><IsDateExpression>false</IsDateExpression><ErrorCodeMappingType>Static</ErrorCodeMappingType><VariableDisplayProperties><VariableIdentity><Version>0</Version></VariableIdentity><StringVariableDisplayProperties><VariableControlType>Singleline</VariableControlType><MaxNumberOfCharacters>0</MaxNumberOfCharacters><LookupIdentity /><StaticData /><Mandatory>false</Mandatory></StringVariableDisplayProperties><MinDate xsi:nil="true" /><MaxDate xsi:nil="true" /><DecimalPrecision>0</DecimalPrecision></VariableDisplayProperties></Identity><LastModifiedBy><Id /><AutomaticallyPopulate>true</AutomaticallyPopulate><ResourceType>Worker</ResourceType><EmailAddress /><UserId /><ManagerialLevel>0</ManagerialLevel></LastModifiedBy><LastModified>0001-01-01T00:00:00</LastModified></ImportExportPackageSummaryOfVariable><ImportExportPackageSummaryOfVariable><Identity><VariableType>String</VariableType><Value xsi:type="xsd:string">https://orgebf85c25.crm.dynamics.com</Value><Identity><Id>INSTANCEURL</Id><Version>0</Version><DisplayName>instanceUrl</DisplayName></Identity><Dynamic>false</Dynamic><Category><Id>E5EC21D22FE44AD0A037EF502836D380</Id><AutomaticallyPopulate>true</AutomaticallyPopulate><Name /></Category><Grouping><Identity><Id>4FEE4E069417475DAC5D2C2E5C95CA49</Id></Identity><Variables /></Grouping><UseInSkin>false</UseInSkin><Found>false</Found><IsSecure>false</IsSecure><VariableScope>Process</VariableScope><IsDateExpression>false</IsDateExpression><ErrorCodeMappingType>Static</ErrorCodeMappingType><VariableDisplayProperties><VariableIdentity><Version>0</Version></VariableIdentity><StringVariableDisplayProperties><VariableControlType>Singleline</VariableControlType><MaxNumberOfCharacters>0</MaxNumberOfCharacters><LookupIdentity /><StaticData /><Mandatory>false</Mandatory></StringVariableDisplayProperties><MinDate xsi:nil="true" /><MaxDate xsi:nil="true" /><DecimalPrecision>0</DecimalPrecision></VariableDisplayProperties></Identity><LastModifiedBy><Id /><AutomaticallyPopulate>true</AutomaticallyPopulate><ResourceType>Worker</ResourceType><EmailAddress /><UserId /><ManagerialLevel>0</ManagerialLevel></LastModifiedBy><LastModified>0001-01-01T00:00:00</LastModified></ImportExportPackageSummaryOfVariable><ImportExportPackageSummaryOfVariable><Identity><VariableType>String</VariableType><Value xsi:type="xsd:string">3MVG9Nk1FpUrSQHd6HOW6WiNA_KSUd3SQXlx_qV_2c7mKygbdtMyegIUohc_OdBsWy6O3DTIVQoK9M49h9Ah9</Value><Identity><Id>SFCLIENTID</Id><Version>0</Version><DisplayName>sfClientId</DisplayName></Identity><Dynamic>false</Dynamic><Category><Id>201F370CA5164F76ADDD8EEEFF666AF7</Id><AutomaticallyPopulate>true</AutomaticallyPopulate><Name /></Category><Grouping><Identity><Id>4FEE4E069417475DAC5D2C2E5C95CA49</Id></Identity><Variables /></Grouping><UseInSkin>false</UseInSkin><Found>false</Found><IsSecure>false</IsSecure><VariableScope>Process</VariableScope><IsDateExpression>false</IsDateExpression><ErrorCodeMappingType>Static</ErrorCodeMappingType><VariableDisplayProperties><VariableIdentity><Version>0</Version></VariableIdentity><StringVariableDisplayProperties><VariableControlType>Singleline</VariableControlType><MaxNumberOfCharacters>0</MaxNumberOfCharacters><LookupIdentity /><StaticData /><Mandatory>false</Mandatory></StringVariableDisplayProperties><MinDate xsi:nil="true" /><MaxDate xsi:nil="true" /><DecimalPrecision>0</DecimalPrecision></VariableDisplayProperties></Identity><LastModifiedBy><Id /><AutomaticallyPopulate>true</AutomaticallyPopulate><ResourceType>Worker</ResourceType><EmailAddress /><UserId /><ManagerialLevel>0</ManagerialLevel></LastModifiedBy><LastModified>0001-01-01T00:00:00</LastModified></ImportExportPackageSummaryOfVariable><ImportExportPackageSummaryOfVariable><Identity><VariableType>String</VariableType><Value xsi:type="xsd:string">C38C29A240EC5826B2C8EBFE2131F9DF54C01FD83D5C58C761CAD46330C2805C</Value><Identity><Id>SFCLIENTSECRET</Id><Version>0</Version><DisplayName>sfClientSecret</DisplayName></Identity><Dynamic>false</Dynamic><Category><Id>201F370CA5164F76ADDD8EEEFF666AF7</Id><AutomaticallyPopulate>true</AutomaticallyPopulate><Name /></Category><Grouping><Identity><Id>4FEE4E069417475DAC5D2C2E5C95CA49</Id></Identity><Variables /></Grouping><UseInSkin>false</UseInSkin><Found>false</Found><IsSecure>false</IsSecure><VariableScope>Process</VariableScope><IsDateExpression>false</IsDateExpression><ErrorCodeMappingType>Static</ErrorCodeMappingType><VariableDisplayProperties><VariableIdentity><Version>0</Version></VariableIdentity><StringVariableDisplayProperties><VariableControlType>Singleline</VariableControlType><MaxNumberOfCharacters>0</MaxNumberOfCharacters><LookupIdentity /><StaticData /><Mandatory>false</Mandatory></StringVariableDisplayProperties><MinDate xsi:nil="true" /><MaxDate xsi:nil="true" /><DecimalPrecision>0</DecimalPrecision></VariableDisplayProperties></Identity><LastModifiedBy><Id /><AutomaticallyPopulate>true</AutomaticallyPopulate><ResourceType>Worker</ResourceType><EmailAddress /><UserId /><ManagerialLevel>0</ManagerialLevel></LastModifiedBy><LastModified>0001-01-01T00:00:00</LastModified></ImportExportPackageSummaryOfVariable><ImportExportPackageSummaryOfVariable><Identity><VariableType>String</VariableType><Value xsi:type="xsd:string">SalesforceDemo0</Value><Identity><Id>SFPASSWORD</Id><Version>0</Version><DisplayName>sfPassword</DisplayName></Identity><Dynamic>false</Dynamic><Category><Id>201F370CA5164F76ADDD8EEEFF666AF7</Id><AutomaticallyPopulate>true</AutomaticallyPopulate><Name /></Category><Grouping><Identity><Id>4FEE4E069417475DAC5D2C2E5C95CA49</Id></Identity><Variables /></Grouping><UseInSkin>false</UseInSkin><Found>false</Found><IsSecure>false</IsSecure><VariableScope>Process</VariableScope><IsDateExpression>false</IsDateExpression><ErrorCodeMappingType>Static</ErrorCodeMappingType><VariableDisplayProperties><VariableIdentity><Version>0</Version></VariableIdentity><StringVariableDisplayProperties><VariableControlType>Singleline</VariableControlType><MaxNumberOfCharacters>0</MaxNumberOfCharacters><LookupIdentity /><StaticData /><Mandatory>false</Mandatory></StringVariableDisplayProperties><MinDate xsi:nil="true" /><MaxDate xsi:nil="true" /><DecimalPrecision>0</DecimalPrecision></VariableDisplayProperties></Identity><LastModifiedBy><Id /><AutomaticallyPopulate>true</AutomaticallyPopulate><ResourceType>Worker</ResourceType><EmailAddress /><UserId /><ManagerialLevel>0</ManagerialLevel></LastModifiedBy><LastModified>0001-01-01T00:00:00</LastModified></ImportExportPackageSummaryOfVariable><ImportExportPackageSummaryOfVariable><Identity><VariableType>Bool</VariableType><Value xsi:type="xsd:boolean">true</Value><Identity><Id>SFPRODINSTANCE</Id><Version>0</Version><DisplayName>sfProdInstance</DisplayName></Identity><Dynamic>false</Dynamic><Category><Id>201F370CA5164F76ADDD8EEEFF666AF7</Id><AutomaticallyPopulate>true</AutomaticallyPopulate><Name /></Category><Grouping><Identity><Id>4FEE4E069417475DAC5D2C2E5C95CA49</Id></Identity><Variables /></Grouping><UseInSkin>false</UseInSkin><Found>false</Found><IsSecure>false</IsSecure><VariableScope>Process</VariableScope><IsDateExpression>false</IsDateExpression><ErrorCodeMappingType>Static</ErrorCodeMappingType><VariableDisplayProperties><VariableIdentity><Version>0</Version></VariableIdentity><StringVariableDisplayProperties><VariableControlType>Singleline</VariableControlType><MaxNumberOfCharacters>0</MaxNumberOfCharacters><LookupIdentity /><StaticData /><Mandatory>false</Mandatory></StringVariableDisplayProperties><MinDate xsi:nil="true" /><MaxDate xsi:nil="true" /><DecimalPrecision>0</DecimalPrecision></VariableDisplayProperties></Identity><LastModifiedBy><Id /><AutomaticallyPopulate>true</AutomaticallyPopulate><ResourceType>Worker</ResourceType><EmailAddress /><UserId /><ManagerialLevel>0</ManagerialLevel></LastModifiedBy><LastModified>0001-01-01T00:00:00</LastModified></ImportExportPackageSummaryOfVariable><ImportExportPackageSummaryOfVariable><Identity><VariableType>String</VariableType><Value xsi:type="xsd:string">e5Hyw4RX9HKWg4Kr9EYpgduaO</Value><Identity><Id>SFTOKEN</Id><Version>0</Version><DisplayName>sfToken</DisplayName></Identity><Dynamic>false</Dynamic><Category><Id>201F370CA5164F76ADDD8EEEFF666AF7</Id><AutomaticallyPopulate>true</AutomaticallyPopulate><Name /></Category><Grouping><Identity><Id>4FEE4E069417475DAC5D2C2E5C95CA49</Id></Identity><Variables /></Grouping><UseInSkin>false</UseInSkin><Found>false</Found><IsSecure>false</IsSecure><VariableScope>Process</VariableScope><IsDateExpression>false</IsDateExpression><ErrorCodeMappingType>Static</ErrorCodeMappingType><VariableDisplayProperties><VariableIdentity><Version>0</Version></VariableIdentity><StringVariableDisplayProperties><VariableControlType>Singleline</VariableControlType><MaxNumberOfCharacters>0</MaxNumberOfCharacters><LookupIdentity /><StaticData /><Mandatory>false</Mandatory></StringVariableDisplayProperties><MinDate xsi:nil="true" /><MaxDate xsi:nil="true" /><DecimalPrecision>0</DecimalPrecision></VariableDisplayProperties></Identity><LastModifiedBy><Id /><AutomaticallyPopulate>true</AutomaticallyPopulate><ResourceType>Worker</ResourceType><EmailAddress /><UserId /><ManagerialLevel>0</ManagerialLevel></LastModifiedBy><LastModified>0001-01-01T00:00:00</LastModified></ImportExportPackageSummaryOfVariable><ImportExportPackageSummaryOfVariable><Identity><VariableType>String</VariableType><Value xsi:type="xsd:string">adam.sawyers@resilient-wolf-b9s6tc.com</Value><Identity><Id>SFUSERNAME</Id><Version>0</Version><DisplayName>sfUsername</DisplayName></Identity><Dynamic>false</Dynamic><Category><Id>201F370CA5164F76ADDD8EEEFF666AF7</Id><AutomaticallyPopulate>true</AutomaticallyPopulate><Name /></Category><Grouping><Identity><Id>4FEE4E069417475DAC5D2C2E5C95CA49</Id></Identity><Variables /></Grouping><UseInSkin>false</UseInSkin><Found>false</Found><IsSecure>false</IsSecure><VariableScope>Process</VariableScope><IsDateExpression>false</IsDateExpression><ErrorCodeMappingType>Static</ErrorCodeMappingType><VariableDisplayProperties><VariableIdentity><Version>0</Version></VariableIdentity><StringVariableDisplayProperties><VariableControlType>Singleline</VariableControlType><MaxNumberOfCharacters>0</MaxNumberOfCharacters><LookupIdentity /><StaticData /><Mandatory>false</Mandatory></StringVariableDisplayProperties><MinDate xsi:nil="true" /><MaxDate xsi:nil="true" /><DecimalPrecision>0</DecimalPrecision></VariableDisplayProperties></Identity><LastModifiedBy><Id /><AutomaticallyPopulate>true</AutomaticallyPopulate><ResourceType>Worker</ResourceType><EmailAddress /><UserId /><ManagerialLevel>0</ManagerialLevel></LastModifiedBy><LastModified>0001-01-01T00:00:00</LastModified></ImportExportPackageSummaryOfVariable><ImportExportPackageSummaryOfVariable><Identity><VariableType>String</VariableType><Value xsi:type="xsd:string">https://ktacloudeco.ktaprt.kofaxcloud.com/services/sdk/</Value><Identity><Id>KTA_SDK_URL</Id><Version>0</Version><DisplayName>KTA_SDK_URL</DisplayName></Identity><Dynamic>false</Dynamic><Category><Id>201F370CA5164F76ADDD8EEEFF666AF7</Id><AutomaticallyPopulate>true</AutomaticallyPopulate><Name /></Category><Grouping><Identity><Id>4FEE4E069417475DAC5D2C2E5C95CA49</Id></Identity><Variables /></Grouping><UseInSkin>false</UseInSkin><Found>false</Found><IsSecure>false</IsSecure><VariableScope>Process</VariableScope><IsDateExpression>false</IsDateExpression><ErrorCodeMappingType>Static</ErrorCodeMappingType><VariableDisplayProperties><VariableIdentity><Version>0</Version></VariableIdentity><StringVariableDisplayProperties><VariableControlType>Singleline</VariableControlType><MaxNumberOfCharacters>0</MaxNumberOfCharacters><LookupIdentity /><StaticData /><Mandatory>false</Mandatory></StringVariableDisplayProperties><MinDate xsi:nil="true" /><MaxDate xsi:nil="true" /><DecimalPrecision>0</DecimalPrecision></VariableDisplayProperties></Identity><LastModifiedBy><Id /><AutomaticallyPopulate>true</AutomaticallyPopulate><ResourceType>Worker</ResourceType><EmailAddress /><UserId /><ManagerialLevel>0</ManagerialLevel></LastModifiedBy><LastModified>0001-01-01T00:00:00</LastModified></ImportExportPackageSummaryOfVariable></ServerVariablesCollection><ThreadPools><ImportExportPackageSummaryOfThreadPoolIdentity><Identity><Id>0</Id><Name>Default Thread Pool</Name></Identity><LastModifiedBy><Id /><AutomaticallyPopulate>true</AutomaticallyPopulate><ResourceType>Worker</ResourceType><EmailAddress /><UserId /><ManagerialLevel>0</ManagerialLevel></LastModifiedBy><LastModified>0001-01-01T00:00:00</LastModified></ImportExportPackageSummaryOfThreadPoolIdentity><ImportExportPackageSummaryOfThreadPoolIdentity><Identity><Id>1</Id><Name>Default Transformation Server Thread Pool</Name></Identity><LastModifiedBy><Id /><AutomaticallyPopulate>true</AutomaticallyPopulate><ResourceType>Worker</ResourceType><EmailAddress /><UserId /><ManagerialLevel>0</ManagerialLevel></LastModifiedBy><LastModified>0001-01-01T00:00:00</LastModified></ImportExportPackageSummaryOfThreadPoolIdentity></ThreadPools><Tags /><GlobalVariables /><GlobalVariablesCollection /><ServerXmlExpressionVariables /><DotNetReferences /><MiscellaneousFiles /><Queries /><FormTemplates /><Localisations /><Packages /><ExportConnectorDeploymentProperties /><ShowProcessAssociations>true</ShowProcessAssociations><ShowFormAssociations>true</ShowFormAssociations><SystemExportOptions><IncludeNoteTypes>false</IncludeNoteTypes><IncludeHotKeys>false</IncludeHotKeys><IncludePageRenditions>false</IncludePageRenditions><IncludeNodeColors>false</IncludeNodeColors><IncludeReportingTags>false</IncludeReportingTags><IncludeErrorCodes>false</IncludeErrorCodes></SystemExportOptions><ShowCategoryAssociations>false</ShowCategoryAssociations><Version><Major>7</Major><Minor>3</Minor><Build>1</Build><Revision>0</Revision></Version><DocumentTypeVariants /><ProtectAllItems>false</ProtectAllItems><ProtectedItems /><IncludeRoleMembers>false</IncludeRoleMembers><IncludeDevices>false</IncludeDevices><IncludeDeviceProfiles>false</IncludeDeviceProfiles><IncludeDeviceSettings>false</IncludeDeviceSettings><ExportConnectorMappings>false</ExportConnectorMappings><WebServices /><ImportConnections /><ImportSources /><OAuthServers /><CaptureSolution><Id /><Name /><Version>0</Version><Description /><DocumentLanguage /><CategoryIdentity><Id /><AutomaticallyPopulate>true</AutomaticallyPopulate><Name /></CategoryIdentity><LastModified>2023-04-24T19:33:52.2873829+00:00</LastModified><LockedBy><Id /><AutomaticallyPopulate>true</AutomaticallyPopulate><Name /><ResourceType>Worker</ResourceType><EmailAddress /><UserId /><ManagerialLevel>0</ManagerialLevel></LockedBy><ProcessIdentity><Id /><AutomaticallyPopulate>true</AutomaticallyPopulate><Version>0</Version><Name /></ProcessIdentity><ClassificationGroupIdentity><Id /><AutomaticallyPopulate>true</AutomaticallyPopulate><Version>0</Version><Name /></ClassificationGroupIdentity><GenerateMFPForms>false</GenerateMFPForms><ScanCNJFormLink /><ExpectedSolutionDuration>0</ExpectedSolutionDuration><UploadedDocsFolderId /><DownloadImagesAndData>false</DownloadImagesAndData><DeleteDocumentsWhenJobComplete>false</DeleteDocumentsWhenJobComplete><TrainingRequired>false</TrainingRequired><DownloadZipResources /><SeparationProfileIdentity /></CaptureSolution><DataModels /><QuickApp><Id /><Name /><Version>0</Version></QuickApp><PackageItemAssociations><PackageItemAssociation><Id>64B59C827EEFE3726FFF26578FE5D78F</Id><Name /><ItemType>0</ItemType><AssociatedItems><AssociatedItem><Id>DE3801ADE8F441CAAF0A43834D5FC814</Id><ItemType>28</ItemType><Name>Salesforce Connector V1</Name></AssociatedItem><AssociatedItem><Id>201F370CA5164F76ADDD8EEEFF666AF7</Id><ItemType>28</ItemType><Name>Default Category</Name></AssociatedItem><AssociatedItem><Id>420A4B9A30458B3372BBB257A5E6F3AD</Id><ItemType>16</ItemType><Name>SFDC_CaseForms_CG</Name></AssociatedItem><AssociatedItem><Id>8C42F2E64D6D4518BD71CA6DA522CA6E</Id><ItemType>39</ItemType><Name>Case Salesforce Service</Name></AssociatedItem><AssociatedItem><Id>BD64389BABF64BBBB01A1E4C249097BE</Id><ItemType>39</ItemType><Name>KTA Document to Base64 String</Name></AssociatedItem><AssociatedItem><Id>E826C77ED5E21F230025E54334769D0A</Id><ItemType>34</ItemType><Name>Salesforce Doc Conversion</Name></AssociatedItem><AssociatedItem><Id>3A370A7545DEAE53A2EF7DABA6C1DDA9</Id><ItemType>18</ItemType><Name>SFDC_CaseForms_EG</Name></AssociatedItem><AssociatedItem><Id>CF8C44F7EBD537322E859F897B5A731D</Id><ItemType>18</ItemType><Name>Case Forms</Name></AssociatedItem><AssociatedItem><Id>64B59C827EEFE3726FFF26578FE5D78F</Id><ItemType>0</ItemType><Name>Add Case Form To Salesforce</Name></AssociatedItem><AssociatedItem><Id>SPP_SYSTEM_SESSION_ID</Id><ItemType>35</ItemType><Name /></AssociatedItem><AssociatedItem><Id>INSTANCEURL</Id><ItemType>35</ItemType><Name /></AssociatedItem><AssociatedItem><Id>SFCLIENTID</Id><ItemType>35</ItemType><Name /></AssociatedItem><AssociatedItem><Id>SFCLIENTSECRET</Id><ItemType>35</ItemType><Name /></AssociatedItem><AssociatedItem><Id>SFPASSWORD</Id><ItemType>35</ItemType><Name /></AssociatedItem><AssociatedItem><Id>SFPRODINSTANCE</Id><ItemType>35</ItemType><Name /></AssociatedItem><AssociatedItem><Id>SFTOKEN</Id><ItemType>35</ItemType><Name /></AssociatedItem><AssociatedItem><Id>SFUSERNAME</Id><ItemType>35</ItemType><Name /></AssociatedItem><AssociatedItem><Id>KTA_SDK_URL</Id><ItemType>35</ItemType><Name /></AssociatedItem></AssociatedItems></PackageItemAssociation><PackageItemAssociation><Id>AB173FAF1883B4FD3BCA69AE870AAF52</Id><Name /><ItemType>0</ItemType><AssociatedItems><AssociatedItem><Id>DE3801ADE8F441CAAF0A43834D5FC814</Id><ItemType>28</ItemType><Name>Salesforce Connector V1</Name></AssociatedItem><AssociatedItem><Id>201F370CA5164F76ADDD8EEEFF666AF7</Id><ItemType>28</ItemType><Name>Default Category</Name></AssociatedItem><AssociatedItem><Id>F90A1A6D709040E9BC02C15D93EE59F9</Id><ItemType>16</ItemType><Name>Capture Starter Pack</Name></AssociatedItem><AssociatedItem><Id>BCEFF6AEE21348D097ACA71FF4541B98</Id><ItemType>39</ItemType><Name>Order Salesforce Service</Name></AssociatedItem><AssociatedItem><Id>BD64389BABF64BBBB01A1E4C249097BE</Id><ItemType>39</ItemType><Name>KTA Document to Base64 String</Name></AssociatedItem><AssociatedItem><Id>E826C77ED5E21F230025E54334769D0A</Id><ItemType>34</ItemType><Name>Salesforce Doc Conversion</Name></AssociatedItem><AssociatedItem><Id>3CC8EEE043EE437DA29839C6D9761C20</Id><ItemType>18</ItemType><Name>Capture Starter Pack</Name></AssociatedItem><AssociatedItem><Id>43DA70A343AA771B01EFA7D95EC808DF</Id><ItemType>20</ItemType><Name>Date Formatter</Name></AssociatedItem><AssociatedItem><Id>CE88BED48B0F4E8BB4513D5A5B72946F</Id><ItemType>20</ItemType><Name>Default Date Formatter</Name></AssociatedItem><AssociatedItem><Id>AB173FAF1883B4FD3BCA69AE870AAF52</Id><ItemType>0</ItemType><Name>Add Order Form To Salesforce</Name></AssociatedItem><AssociatedItem><Id>SPP_SYSTEM_SESSION_ID</Id><ItemType>35</ItemType><Name /></AssociatedItem><AssociatedItem><Id>INSTANCEURL</Id><ItemType>35</ItemType><Name /></AssociatedItem><AssociatedItem><Id>SFCLIENTID</Id><ItemType>35</ItemType><Name /></AssociatedItem><AssociatedItem><Id>SFCLIENTSECRET</Id><ItemType>35</ItemType><Name /></AssociatedItem><AssociatedItem><Id>SFPASSWORD</Id><ItemType>35</ItemType><Name /></AssociatedItem><AssociatedItem><Id>SFPRODINSTANCE</Id><ItemType>35</ItemType><Name /></AssociatedItem><AssociatedItem><Id>SFTOKEN</Id><ItemType>35</ItemType><Name /></AssociatedItem><AssociatedItem><Id>SFUSERNAME</Id><ItemType>35</ItemType><Name /></AssociatedItem><AssociatedItem><Id>KTA_SDK_URL</Id><ItemType>35</ItemType><Name /></AssociatedItem></AssociatedItems></PackageItemAssociation><PackageItemAssociation><Id>8C42F2E64D6D4518BD71CA6DA522CA6E</Id><Name /><ItemType>39</ItemType><AssociatedItems /></PackageItemAssociation><PackageItemAssociation><Id>BD64389BABF64BBBB01A1E4C249097BE</Id><Name /><ItemType>39</ItemType><AssociatedItems /></PackageItemAssociation><PackageItemAssociation><Id>BCEFF6AEE21348D097ACA71FF4541B98</Id><Name /><ItemType>39</ItemType><AssociatedItems /></PackageItemAssociation><PackageItemAssociation><Id>420A4B9A30458B3372BBB257A5E6F3AD</Id><Name /><ItemType>16</ItemType><AssociatedItems /></PackageItemAssociation><PackageItemAssociation><Id>F90A1A6D709040E9BC02C15D93EE59F9</Id><Name /><ItemType>16</ItemType><AssociatedItems /></PackageItemAssociation><PackageItemAssociation><Id>3A370A7545DEAE53A2EF7DABA6C1DDA9</Id><Name /><ItemType>18</ItemType><AssociatedItems /></PackageItemAssociation><PackageItemAssociation><Id>CF8C44F7EBD537322E859F897B5A731D</Id><Name /><ItemType>18</ItemType><AssociatedItems /></PackageItemAssociation><PackageItemAssociation><Id>3CC8EEE043EE437DA29839C6D9761C20</Id><Name /><ItemType>18</ItemType><AssociatedItems /></PackageItemAssociation><PackageItemAssociation><Id>43DA70A343AA771B01EFA7D95EC808DF</Id><Name /><ItemType>20</ItemType><AssociatedItems /></PackageItemAssociation><PackageItemAssociation><Id>CE88BED48B0F4E8BB4513D5A5B72946F</Id><Name /><ItemType>20</ItemType><AssociatedItems /></PackageItemAssociation><PackageItemAssociation><Id>E826C77ED5E21F230025E54334769D0A</Id><Name /><ItemType>34</ItemType><AssociatedItems /></PackageItemAssociation><PackageItemAssociation><Id>SPP_SYSTEM_SESSION_ID</Id><Name /><ItemType>35</ItemType><AssociatedItems /></PackageItemAssociation><PackageItemAssociation><Id>INSTANCEURL</Id><Name /><ItemType>35</ItemType><AssociatedItems /></PackageItemAssociation><PackageItemAssociation><Id>SFCLIENTID</Id><Name /><ItemType>35</ItemType><AssociatedItems /></PackageItemAssociation><PackageItemAssociation><Id>SFCLIENTSECRET</Id><Name /><ItemType>35</ItemType><AssociatedItems /></PackageItemAssociation><PackageItemAssociation><Id>SFPASSWORD</Id><Name /><ItemType>35</ItemType><AssociatedItems /></PackageItemAssociation><PackageItemAssociation><Id>SFPRODINSTANCE</Id><Name /><ItemType>35</ItemType><AssociatedItems /></PackageItemAssociation><PackageItemAssociation><Id>SFTOKEN</Id><Name /><ItemType>35</ItemType><AssociatedItems /></PackageItemAssociation><PackageItemAssociation><Id>SFUSERNAME</Id><Name /><ItemType>35</ItemType><AssociatedItems /></PackageItemAssociation><PackageItemAssociation><Id>KTA_SDK_URL</Id><Name /><ItemType>35</ItemType><AssociatedItems /></PackageItemAssociation><PackageItemAssociation><Id>DE3801ADE8F441CAAF0A43834D5FC814</Id><Name /><ItemType>28</ItemType><AssociatedItems /></PackageItemAssociation><PackageItemAssociation><Id>201F370CA5164F76ADDD8EEEFF666AF7</Id><Name /><ItemType>28</ItemType><AssociatedItems /></PackageItemAssociation><PackageItemAssociation><Id>57305CBC4A6249719F7790416DDF2589</Id><Name /><ItemType>4</ItemType><AssociatedItems><AssociatedItem><Id>57305CBC4A6249719F7790416DDF2589</Id><ItemType>3</ItemType><Name>SalesforceApiLib.dll</Name></AssociatedItem><AssociatedItem><Id>DE3801ADE8F441CAAF0A43834D5FC814</Id><ItemType>28</ItemType><Name>Salesforce Connector V1</Name></AssociatedItem></AssociatedItems></PackageItemAssociation></PackageItemAssociations></SpaPackageImportExportData>