<?xml version="1.0" encoding="utf-16"?>
<ArrayOfDocumentConversionProfile xmlns:xsd="http://www.w3.org/2001/XMLSchema" xmlns:xsi="http://www.w3.org/2001/XMLSchema-instance">
  <DocumentConversionProfile>
    <Identity>
      <Id>E826C77ED5E21F230025E54334769D0A</Id>
      <Name>Salesforce Doc Conversion</Name>
    </Identity>
    <Description />
    <SmoothFlags>0</SmoothFlags>
    <RenderFlags>0</RenderFlags>
    <EnableZipExtraction>false</EnableZipExtraction>
    <EnablePortfolioPdf>false</EnablePortfolioPdf>
    <CompressionQuality>75</CompressionQuality>
    <ConversionTimeout>600</ConversionTimeout>
    <ConvertTo>2</ConvertTo>
    <ScaleTo>NoScaling</ScaleTo>
    <ImageResolution>300</ImageResolution>
    <ImageCoding>1</ImageCoding>
    <UseAdobeLifecycle>false</UseAdobeLifecycle>
    <ConcatenatePdfs>false</ConcatenatePdfs>
    <NormalizeToPdfa>false</NormalizeToPdfa>
    <PageSize>Disabled</PageSize>
    <PageOrientation>Default</PageOrientation>
    <XmlRenderingXSLT />
    <AllowedFileExtensions>.png;.pdf;.tiff;.tif</AllowedFileExtensions>
    <AllowedFileSize>0</AllowedFileSize>
    <AllowedOperatorType>GreaterThan</AllowedOperatorType>
    <SkippedFileExtensions />
    <SkippedFileSize>0</SkippedFileSize>
    <SkippedOperatorType>GreaterThan</SkippedOperatorType>
    <OutputPdfAFormat>PdfA1b</OutputPdfAFormat>
    <EmbedSourceFile>false</EmbedSourceFile>
    <KFXConverterSettings />
    <ExtractEmlAndMsg>false</ExtractEmlAndMsg>
    <OutputPdfForCapture>false</OutputPdfForCapture>
    <PreserveOriginalSource>false</PreserveOriginalSource>
  </DocumentConversionProfile>
</ArrayOfDocumentConversionProfile>