<?xml version="1.0" encoding="utf-16"?>
<ArrayOfCategory xmlns:xsd="http://www.w3.org/2001/XMLSchema" xmlns:xsi="http://www.w3.org/2001/XMLSchema-instance">
  <Category>
    <Identity>
      <Id>037B145DB7264421B23865043C0F1093</Id>
      <AutomaticallyPopulate>true</AutomaticallyPopulate>
      <Name>Azure Storage</Name>
    </Identity>
    <Description>Azure Storage</Description>
    <ResourceAccessList>
      <ResourceAccess>
        <ResourceIdentity>
          <Id>9B984CDAB78840AFAB5473929DE58918</Id>
          <AutomaticallyPopulate>true</AutomaticallyPopulate>
          <Name>Sales Engineers</Name>
          <ResourceType>GroupOfWorkers</ResourceType>
          <EmailAddress />
          <UserId />
          <ManagerialLevel>0</ManagerialLevel>
        </ResourceIdentity>
        <AccessType>MaintenanceAccess</AccessType>
        <PermissionType>FullControl</PermissionType>
      </ResourceAccess>
      <ResourceAccess>
        <ResourceIdentity>
          <Id>B4A869511C7A209C250569A39B1EA91B</Id>
          <AutomaticallyPopulate>true</AutomaticallyPopulate>
          <Name>Demo1Admin</Name>
          <ResourceType>Worker</ResourceType>
          <EmailAddress />
          <UserId />
          <ManagerialLevel>0</ManagerialLevel>
        </ResourceIdentity>
        <AccessType>MaintenanceAccess</AccessType>
        <PermissionType>FullControl</PermissionType>
      </ResourceAccess>
      <ResourceAccess>
        <ResourceIdentity>
          <Id>E5814EDC4E704504933DE9B876DEE5D8</Id>
          <AutomaticallyPopulate>true</AutomaticallyPopulate>
          <Name>SE Administrators</Name>
          <ResourceType>GroupOfWorkers</ResourceType>
          <EmailAddress />
          <UserId />
          <ManagerialLevel>0</ManagerialLevel>
        </ResourceIdentity>
        <AccessType>MaintenanceAccess</AccessType>
        <PermissionType>FullControl</PermissionType>
      </ResourceAccess>
    </ResourceAccessList>
    <ParentCategory>
      <Id>A188F7BC7A2547558008BA46AD357A46</Id>
      <AutomaticallyPopulate>true</AutomaticallyPopulate>
      <Name />
    </ParentCategory>
    <LastModifiedDate>2021-10-01T11:49:11.373</LastModifiedDate>
    <LastModifiedUser>2C90EEF0FEC5474AA18CFC3B931EDF1B</LastModifiedUser>
    <LastModifiedUserName>Tom Coppock</LastModifiedUserName>
  </Category>
  <Category>
    <Identity>
      <Id>14729D70BA0146168A281FCF21B9EC23</Id>
      <AutomaticallyPopulate>true</AutomaticallyPopulate>
      <Name>Integration - Custom Services</Name>
    </Identity>
    <Description>Integration - Custom Services</Description>
    <ResourceAccessList>
      <ResourceAccess>
        <ResourceIdentity>
          <Id>7DF43CCDF24611D2804B00104B71BD15</Id>
          <AutomaticallyPopulate>true</AutomaticallyPopulate>
          <Name>Everyone</Name>
          <ResourceType>GroupOfWorkers</ResourceType>
          <EmailAddress />
          <UserId />
          <ManagerialLevel>0</ManagerialLevel>
        </ResourceIdentity>
        <AccessType>MaintenanceAccess</AccessType>
        <PermissionType>FullControl</PermissionType>
      </ResourceAccess>
      <ResourceAccess>
        <ResourceIdentity>
          <Id>9B984CDAB78840AFAB5473929DE58918</Id>
          <AutomaticallyPopulate>true</AutomaticallyPopulate>
          <Name>Sales Engineers</Name>
          <ResourceType>GroupOfWorkers</ResourceType>
          <EmailAddress />
          <UserId />
          <ManagerialLevel>0</ManagerialLevel>
        </ResourceIdentity>
        <AccessType>MaintenanceAccess</AccessType>
        <PermissionType>FullControl</PermissionType>
      </ResourceAccess>
      <ResourceAccess>
        <ResourceIdentity>
          <Id>E5814EDC4E704504933DE9B876DEE5D8</Id>
          <AutomaticallyPopulate>true</AutomaticallyPopulate>
          <Name>SE Administrators</Name>
          <ResourceType>GroupOfWorkers</ResourceType>
          <EmailAddress />
          <UserId />
          <ManagerialLevel>0</ManagerialLevel>
        </ResourceIdentity>
        <AccessType>MaintenanceAccess</AccessType>
        <PermissionType>FullControl</PermissionType>
      </ResourceAccess>
    </ResourceAccessList>
    <ParentCategory>
      <Id>7FC533906206494EAA98B7F729B28141</Id>
      <AutomaticallyPopulate>true</AutomaticallyPopulate>
      <Name />
    </ParentCategory>
    <LastModifiedDate>2022-09-07T08:30:59.32</LastModifiedDate>
    <LastModifiedUser>CB2FDFD596884969A501BF8F3E23DA63</LastModifiedUser>
    <LastModifiedUserName>Ash Grant TD</LastModifiedUserName>
  </Category>
  <Category>
    <Identity>
      <Id>93AB955FF7EE48B0A8B9D01D1BC6C513</Id>
      <AutomaticallyPopulate>true</AutomaticallyPopulate>
      <Name>Integration Demonstrations</Name>
    </Identity>
    <Description>Integration Demonstrations</Description>
    <ResourceAccessList>
      <ResourceAccess>
        <ResourceIdentity>
          <Id>7DF43CCDF24611D2804B00104B71BD15</Id>
          <AutomaticallyPopulate>true</AutomaticallyPopulate>
          <Name>Everyone</Name>
          <ResourceType>GroupOfWorkers</ResourceType>
          <EmailAddress />
          <UserId />
          <ManagerialLevel>0</ManagerialLevel>
        </ResourceIdentity>
        <AccessType>MaintenanceAccess</AccessType>
        <PermissionType>FullControl</PermissionType>
      </ResourceAccess>
      <ResourceAccess>
        <ResourceIdentity>
          <Id>9B984CDAB78840AFAB5473929DE58918</Id>
          <AutomaticallyPopulate>true</AutomaticallyPopulate>
          <Name>Sales Engineers</Name>
          <ResourceType>GroupOfWorkers</ResourceType>
          <EmailAddress />
          <UserId />
          <ManagerialLevel>0</ManagerialLevel>
        </ResourceIdentity>
        <AccessType>MaintenanceAccess</AccessType>
        <PermissionType>FullControl</PermissionType>
      </ResourceAccess>
      <ResourceAccess>
        <ResourceIdentity>
          <Id>B4A869511C7A209C250569A39B1EA91B</Id>
          <AutomaticallyPopulate>true</AutomaticallyPopulate>
          <Name>Demo1Admin</Name>
          <ResourceType>Worker</ResourceType>
          <EmailAddress />
          <UserId />
          <ManagerialLevel>0</ManagerialLevel>
        </ResourceIdentity>
        <AccessType>MaintenanceAccess</AccessType>
        <PermissionType>FullControl</PermissionType>
      </ResourceAccess>
      <ResourceAccess>
        <ResourceIdentity>
          <Id>E5814EDC4E704504933DE9B876DEE5D8</Id>
          <AutomaticallyPopulate>true</AutomaticallyPopulate>
          <Name>SE Administrators</Name>
          <ResourceType>GroupOfWorkers</ResourceType>
          <EmailAddress />
          <UserId />
          <ManagerialLevel>0</ManagerialLevel>
        </ResourceIdentity>
        <AccessType>MaintenanceAccess</AccessType>
        <PermissionType>FullControl</PermissionType>
      </ResourceAccess>
    </ResourceAccessList>
    <ParentCategory>
      <Id>7FC533906206494EAA98B7F729B28141</Id>
      <AutomaticallyPopulate>true</AutomaticallyPopulate>
      <Name />
    </ParentCategory>
    <LastModifiedDate>2022-09-07T08:30:38.54</LastModifiedDate>
    <LastModifiedUser>FCD9C3F7F6B94BE489D9087B2F809696</LastModifiedUser>
    <LastModifiedUserName>Tom CoppockTEST</LastModifiedUserName>
  </Category>
  <Category>
    <Identity>
      <Id>A188F7BC7A2547558008BA46AD357A46</Id>
      <AutomaticallyPopulate>true</AutomaticallyPopulate>
      <Name>Microsoft Azure</Name>
    </Identity>
    <Description>Microsoft Azure</Description>
    <ResourceAccessList>
      <ResourceAccess>
        <ResourceIdentity>
          <Id>9B984CDAB78840AFAB5473929DE58918</Id>
          <AutomaticallyPopulate>true</AutomaticallyPopulate>
          <Name>Sales Engineers</Name>
          <ResourceType>GroupOfWorkers</ResourceType>
          <EmailAddress />
          <UserId />
          <ManagerialLevel>0</ManagerialLevel>
        </ResourceIdentity>
        <AccessType>MaintenanceAccess</AccessType>
        <PermissionType>FullControl</PermissionType>
      </ResourceAccess>
      <ResourceAccess>
        <ResourceIdentity>
          <Id>E5814EDC4E704504933DE9B876DEE5D8</Id>
          <AutomaticallyPopulate>true</AutomaticallyPopulate>
          <Name>SE Administrators</Name>
          <ResourceType>GroupOfWorkers</ResourceType>
          <EmailAddress />
          <UserId />
          <ManagerialLevel>0</ManagerialLevel>
        </ResourceIdentity>
        <AccessType>MaintenanceAccess</AccessType>
        <PermissionType>FullControl</PermissionType>
      </ResourceAccess>
    </ResourceAccessList>
    <ParentCategory>
      <Id>14729D70BA0146168A281FCF21B9EC23</Id>
      <AutomaticallyPopulate>true</AutomaticallyPopulate>
      <Name />
    </ParentCategory>
    <LastModifiedDate>2022-02-09T00:42:33.59</LastModifiedDate>
    <LastModifiedUser>141A6188A6D8410DB106E9F281D15A64</LastModifiedUser>
    <LastModifiedUserName>Ash Grant</LastModifiedUserName>
  </Category>
  <Category>
    <Identity>
      <Id>DD0790857A6F4168A846C164E185B462</Id>
      <AutomaticallyPopulate>true</AutomaticallyPopulate>
      <Name>Salesforce Connector</Name>
    </Identity>
    <Description>Salesforce Connector</Description>
    <ResourceAccessList>
      <ResourceAccess>
        <ResourceIdentity>
          <Id>7DF43CCDF24611D2804B00104B71BD15</Id>
          <AutomaticallyPopulate>true</AutomaticallyPopulate>
          <Name>Everyone</Name>
          <ResourceType>GroupOfWorkers</ResourceType>
          <EmailAddress />
          <UserId />
          <ManagerialLevel>0</ManagerialLevel>
        </ResourceIdentity>
        <AccessType>MaintenanceAccess</AccessType>
        <PermissionType>FullControl</PermissionType>
      </ResourceAccess>
    </ResourceAccessList>
    <ParentCategory>
      <Id>93AB955FF7EE48B0A8B9D01D1BC6C513</Id>
      <AutomaticallyPopulate>true</AutomaticallyPopulate>
      <Name />
    </ParentCategory>
    <LastModifiedDate>2021-10-01T11:50:58.143</LastModifiedDate>
    <LastModifiedUser>4EFFC98F46854ABFA36177A564100FD0</LastModifiedUser>
    <LastModifiedUserName>Adam Sawyers</LastModifiedUserName>
  </Category>
</ArrayOfCategory>