<?xml version="1.0" encoding="utf-16"?>
<ArrayOfFieldFormatter xmlns:xsd="http://www.w3.org/2001/XMLSchema" xmlns:xsi="http://www.w3.org/2001/XMLSchema-instance">
  <FieldFormatter>
    <Identity>
      <Id>43DA70A343AA771B01EFA7D95EC808DF</Id>
      <Name>Date Formatter</Name>
    </Identity>
    <Formatter xsi:type="DateFormatter">
      <AllowEmptyField>false</AllowEmptyField>
      <MinYear>1900</MinYear>
      <MaxYear>2100</MaxYear>
      <AmbiguousDateFormatSetting>0</AmbiguousDateFormatSetting>
      <AmbiguousDateFormats>
        <string>MM_DD_YY</string>
        <string>MM_DD_YYYY</string>
        <string>MMDDYY</string>
        <string>MMDDYYYY</string>
      </AmbiguousDateFormats>
      <TwoDigitDateGreaterThanValue>40</TwoDigitDateGreaterThanValue>
      <OutputDateFormat>MM/DD/YYYY</OutputDateFormat>
      <OutputDateDelimiter>/</OutputDateDelimiter>
      <MonthNames />
    </Formatter>
    <Category>
      <Id>201F370CA5164F76ADDD8EEEFF666AF7</Id>
      <AutomaticallyPopulate>true</AutomaticallyPopulate>
      <Name>Default Category</Name>
    </Category>
    <LastModifiedDate>2019-04-04T14:25:27</LastModifiedDate>
    <LastModifiedUser>
      <Id>71136BBC284B4B179EE667E5EF9121C0</Id>
      <AutomaticallyPopulate>true</AutomaticallyPopulate>
      <ResourceType>Worker</ResourceType>
      <EmailAddress />
      <UserId />
      <ManagerialLevel>0</ManagerialLevel>
    </LastModifiedUser>
    <FormatterType>Date</FormatterType>
  </FieldFormatter>
  <FieldFormatter>
    <Identity>
      <Id>CE88BED48B0F4E8BB4513D5A5B72946F</Id>
      <Name>Default Date Formatter</Name>
    </Identity>
    <Formatter xsi:type="DateFormatter">
      <AllowEmptyField>false</AllowEmptyField>
      <MinYear>1900</MinYear>
      <MaxYear>2100</MaxYear>
      <AmbiguousDateFormatSetting>0</AmbiguousDateFormatSetting>
      <AmbiguousDateFormats>
        <string>MM_DD_YYYY</string>
        <string>MM_DD_YY</string>
        <string>MMDDYY</string>
        <string>MMDDYYYY</string>
      </AmbiguousDateFormats>
      <TwoDigitDateGreaterThanValue>40</TwoDigitDateGreaterThanValue>
      <OutputDateFormat>DD/MM/YYYY</OutputDateFormat>
      <OutputDateDelimiter>/</OutputDateDelimiter>
      <MonthNames>
        <MonthName>
          <Name>january</Name>
          <MonthId>1</MonthId>
        </MonthName>
        <MonthName>
          <Name>jan</Name>
          <MonthId>1</MonthId>
        </MonthName>
        <MonthName>
          <Name>february</Name>
          <MonthId>2</MonthId>
        </MonthName>
        <MonthName>
          <Name>feb</Name>
          <MonthId>2</MonthId>
        </MonthName>
        <MonthName>
          <Name>march</Name>
          <MonthId>3</MonthId>
        </MonthName>
        <MonthName>
          <Name>mar</Name>
          <MonthId>3</MonthId>
        </MonthName>
        <MonthName>
          <Name>april</Name>
          <MonthId>4</MonthId>
        </MonthName>
        <MonthName>
          <Name>apr</Name>
          <MonthId>4</MonthId>
        </MonthName>
        <MonthName>
          <Name>may</Name>
          <MonthId>5</MonthId>
        </MonthName>
        <MonthName>
          <Name>june</Name>
          <MonthId>6</MonthId>
        </MonthName>
        <MonthName>
          <Name>jun</Name>
          <MonthId>6</MonthId>
        </MonthName>
        <MonthName>
          <Name>july</Name>
          <MonthId>7</MonthId>
        </MonthName>
        <MonthName>
          <Name>jul</Name>
          <MonthId>7</MonthId>
        </MonthName>
        <MonthName>
          <Name>august</Name>
          <MonthId>8</MonthId>
        </MonthName>
        <MonthName>
          <Name>aug</Name>
          <MonthId>8</MonthId>
        </MonthName>
        <MonthName>
          <Name>september</Name>
          <MonthId>9</MonthId>
        </MonthName>
        <MonthName>
          <Name>sep</Name>
          <MonthId>9</MonthId>
        </MonthName>
        <MonthName>
          <Name>october</Name>
          <MonthId>10</MonthId>
        </MonthName>
        <MonthName>
          <Name>oct</Name>
          <MonthId>10</MonthId>
        </MonthName>
        <MonthName>
          <Name>november</Name>
          <MonthId>11</MonthId>
        </MonthName>
        <MonthName>
          <Name>nov</Name>
          <MonthId>11</MonthId>
        </MonthName>
        <MonthName>
          <Name>december</Name>
          <MonthId>12</MonthId>
        </MonthName>
        <MonthName>
          <Name>dec</Name>
          <MonthId>12</MonthId>
        </MonthName>
      </MonthNames>
    </Formatter>
    <Category>
      <Id>201F370CA5164F76ADDD8EEEFF666AF7</Id>
      <AutomaticallyPopulate>true</AutomaticallyPopulate>
      <Name>Default Category</Name>
    </Category>
    <LastModifiedDate>2023-04-20T22:36:04.267</LastModifiedDate>
    <LastModifiedUser>
      <Id>26E770722735487EA4C6AA47DCC53FE3</Id>
      <AutomaticallyPopulate>true</AutomaticallyPopulate>
      <ResourceType>Worker</ResourceType>
      <EmailAddress />
      <UserId />
      <ManagerialLevel>0</ManagerialLevel>
    </LastModifiedUser>
    <FormatterType>Date</FormatterType>
  </FieldFormatter>
</ArrayOfFieldFormatter>