<?xml version="1.0" encoding="utf-16"?>
<ArrayOfFieldFormatter xmlns:xsd="http://www.w3.org/2001/XMLSchema" xmlns:xsi="http://www.w3.org/2001/XMLSchema-instance">
  <FieldFormatter>
    <Identity>
      <Id>43DA70A343AA771B01EFA7D95EC808DF</Id>
      <Name>Date Formatter</Name>
    </Identity>
    <Formatter xsi:type="DateFormatter">
      <AllowEmptyField>false</AllowEmptyField>
      <MinYear>1900</MinYear>
      <MaxYear>2100</MaxYear>
      <AmbiguousDateFormatSetting>0</AmbiguousDateFormatSetting>
      <AmbiguousDateFormats>
        <string>MM_DD_YY</string>
        <string>MM_DD_YYYY</string>
        <string>MMDDYY</string>
        <string>MMDDYYYY</string>
      </AmbiguousDateFormats>
      <TwoDigitDateGreaterThanValue>40</TwoDigitDateGreaterThanValue>
      <OutputDateFormat>MM/DD/YYYY</OutputDateFormat>
      <OutputDateDelimiter>/</OutputDateDelimiter>
      <MonthNames />
    </Formatter>
    <Category>
      <Id>CF4E7FA832494FDAB308A3CDBC3D9C74</Id>
      <AutomaticallyPopulate>true</AutomaticallyPopulate>
      <Name>Capture Starter Pack</Name>
    </Category>
    <LastModifiedDate>2019-04-04T14:25:27.32</LastModifiedDate>
    <LastModifiedUser>
      <Id>71136BBC284B4B179EE667E5EF9121C0</Id>
      <AutomaticallyPopulate>true</AutomaticallyPopulate>
      <ResourceType>Worker</ResourceType>
      <EmailAddress />
      <UserId />
      <ManagerialLevel>0</ManagerialLevel>
    </LastModifiedUser>
    <FormatterType>Date</FormatterType>
  </FieldFormatter>
  <FieldFormatter>
    <Identity>
      <Id>CE88BED48B0F4E8BB4513D5A5B72946F</Id>
      <Name>Default Date FormatterJTC</Name>
    </Identity>
    <Formatter xsi:type="DateFormatter">
      <AllowEmptyField>false</AllowEmptyField>
      <MinYear>1900</MinYear>
      <MaxYear>2100</MaxYear>
      <AmbiguousDateFormatSetting>0</AmbiguousDateFormatSetting>
      <AmbiguousDateFormats>
        <string>DD_MM_YYYY</string>
        <string>DD_MM_YY</string>
      </AmbiguousDateFormats>
      <TwoDigitDateGreaterThanValue>40</TwoDigitDateGreaterThanValue>
      <OutputDateFormat>DD/MM/YYYY</OutputDateFormat>
      <OutputDateDelimiter>.</OutputDateDelimiter>
      <MonthNames />
    </Formatter>
    <Category>
      <Id>201F370CA5164F76ADDD8EEEFF666AF7</Id>
      <AutomaticallyPopulate>true</AutomaticallyPopulate>
      <Name>Default Category</Name>
    </Category>
    <LastModifiedDate>2022-08-16T16:20:49.843</LastModifiedDate>
    <LastModifiedUser>
      <Id>AB6ABCE0002F43519FA7C9C615DFDCE7</Id>
      <AutomaticallyPopulate>true</AutomaticallyPopulate>
      <ResourceType>Worker</ResourceType>
      <EmailAddress />
      <UserId />
      <ManagerialLevel>0</ManagerialLevel>
    </LastModifiedUser>
    <FormatterType>Date</FormatterType>
  </FieldFormatter>
</ArrayOfFieldFormatter>