<?xml version="1.0" encoding="utf-16"?>
<ArrayOfCustomServiceGroup xmlns:xsd="http://www.w3.org/2001/XMLSchema" xmlns:xsi="http://www.w3.org/2001/XMLSchema-instance">
  <CustomServiceGroup>
    <Identity>
      <Id>D9503B69A29248869A26876428E97745</Id>
      <Name>Azure Storage</Name>
    </Identity>
    <DesignTimeType>10003</DesignTimeType>
    <Category>
      <Id>201F370CA5164F76ADDD8EEEFF666AF7</Id>
      <AutomaticallyPopulate>true</AutomaticallyPopulate>
      <Name />
    </Category>
    <LastModifiedDate>2022-12-12T21:12:52.23</LastModifiedDate>
    <LastModifiedBy>
      <Id>1449EC114C3BC751B5F5D73608203364</Id>
      <AutomaticallyPopulate>true</AutomaticallyPopulate>
      <ResourceType>Worker</ResourceType>
      <EmailAddress />
      <UserId />
      <ManagerialLevel>0</ManagerialLevel>
    </LastModifiedBy>
  </CustomServiceGroup>
  <CustomServiceGroup>
    <Identity>
      <Id>6D6EB0174DD24EBC898D0278045A96E1</Id>
      <Name>Salesforce Connector Service Group</Name>
    </Identity>
    <DesignTimeType>10004</DesignTimeType>
    <Category>
      <Id>201F370CA5164F76ADDD8EEEFF666AF7</Id>
      <AutomaticallyPopulate>true</AutomaticallyPopulate>
      <Name />
    </Category>
    <LastModifiedDate>2022-12-12T21:12:52.26</LastModifiedDate>
    <LastModifiedBy>
      <Id>1449EC114C3BC751B5F5D73608203364</Id>
      <AutomaticallyPopulate>true</AutomaticallyPopulate>
      <ResourceType>Worker</ResourceType>
      <EmailAddress />
      <UserId />
      <ManagerialLevel>0</ManagerialLevel>
    </LastModifiedBy>
  </CustomServiceGroup>
</ArrayOfCustomServiceGroup>