<?xml version="1.0" encoding="utf-16"?>
<ArrayOfCustomServiceGroup xmlns:xsd="http://www.w3.org/2001/XMLSchema" xmlns:xsi="http://www.w3.org/2001/XMLSchema-instance">
  <CustomServiceGroup>
    <Identity>
      <Id>6D6EB0174DD24EBC898D0278045A96E1</Id>
      <Name>Salesforce Connector Service Group</Name>
    </Identity>
    <DesignTimeType>10008</DesignTimeType>
    <Category>
      <Id>DD0790857A6F4168A846C164E185B462</Id>
      <AutomaticallyPopulate>true</AutomaticallyPopulate>
      <Name />
    </Category>
    <LastModifiedDate>2021-08-25T18:09:51.377</LastModifiedDate>
    <LastModifiedBy>
      <Id>4EFFC98F46854ABFA36177A564100FD0</Id>
      <AutomaticallyPopulate>true</AutomaticallyPopulate>
      <ResourceType>Worker</ResourceType>
      <EmailAddress />
      <UserId />
      <ManagerialLevel>0</ManagerialLevel>
    </LastModifiedBy>
  </CustomServiceGroup>
</ArrayOfCustomServiceGroup>